Peptide,-10lgP,Mass,Length,ppm,m/z,RT,Area 020818-rr-weissrot-day5,Fraction,Scan,Source File,#Spec,#Spec 020818-rr-weissrot-day5,Accession,PTM,AScore
IDEAASSIR,43.59,960.4876,9,-13.1,481.2448,89.48,0,31,94981,020818_324_T5_01.mgf,1,1,gi|54036848,,
TGNEFVGDFR,43.40,1140.5199,10,-10.0,571.2615,65.85,0,31,91552,020818_324_T5_01.mgf,1,1,tr|O96712|O96712_THAWE,,
IDVILN(+.98)NNK,34.26,1042.5658,9,2.7,522.2916,92.35,0,31,95406,020818_324_T5_01.mgf,1,1,tr|A0A089VQC7|A0A089VQC7_THAWE,Deamidation (NQ),N6:Deamidation (NQ):0.00
TDINQALNR,33.45,1043.5360,9,-5.8,522.7723,89.30,0,31,94962,020818_324_T5_01.mgf,1,1,gi|54036848,,
AMGGVLFIDE,31.25,1050.5056,10,6.0,526.2632,58.31,0,31,90701,020818_324_T5_01.mgf,1,1,tr|A0A089VQE9|A0A089VQE9_THAWE,,
N(+.98)PKALTN(+.98)C(+57.02)K,30.25,1046.5066,9,-2.8,524.2591,79.63,0,31,93455,020818_324_T5_01.mgf,1,1,tr|A0A089VKG8|A0A089VKG8_THAWE,Deamidation (NQ); Carbamidomethylation,N1:Deamidation (NQ):1000.00;N7:Deamidation (NQ):1000.00;C8:Carbamidomethylation:1000.00
DAALER,28.52,673.3395,6,5.9,337.6790,74.01,0,31,92617,020818_324_T5_01.mgf,1,1,gi|54036848,,
ALLETSEK,28.19,889.4756,8,-8.1,445.7415,58.24,0,31,90695,020818_324_T5_01.mgf,1,1,,,
N(+.98)SYIFR,26.31,799.3864,6,9.1,800.4009,68.09,0,31,91838,020818_324_T5_01.mgf,1,1,tr|A0A089VIN8|A0A089VIN8_THAWE,Deamidation (NQ),N1:Deamidation (NQ):1000.00
TDAEIAEVLAR,23.87,1186.6194,11,-11.3,594.3102,83.70,0,31,94084,020818_324_T5_01.mgf,1,1,gi|54036848,,
DSLEN(+.98)TLTET,23.80,1122.4928,10,14.8,562.2620,78.00,0,31,93176,020818_324_T5_01.mgf,1,1,,Deamidation (NQ),N5:Deamidation (NQ):1000.00
VYLGAETTR,23.60,1008.5240,9,-1.8,505.2683,90.54,0,31,95146,020818_324_T5_01.mgf,1,1,tr|A0A089VQJ6|A0A089VQJ6_THAWE,,
KPDLTDPK,23.55,912.4916,8,-1.2,457.2525,85.19,0,31,94306,020818_324_T5_01.mgf,1,1,tr|A0A089X950|A0A089X950_THAWE,,
ATQ(+.98)VSKGIRDN(+.98)ER,23.51,1474.7375,13,-6.1,738.3716,80.00,0,31,93512,020818_324_T5_01.mgf,1,1,,Deamidation (NQ),Q3:Deamidation (NQ):1000.00;N11:Deamidation (NQ):1000.00
N(+.98)LQQ(+.98)SISDAEQR,22.99,1389.6372,12,5.4,695.8297,87.79,0,31,94745,020818_324_T5_01.mgf,1,1,,Deamidation (NQ),N1:Deamidation (NQ):14.04;Q4:Deamidation (NQ):17.01
TIFEN(+.98)LANK,22.96,1049.5393,9,6.0,525.7801,85.84,0,31,94434,020818_324_T5_01.mgf,1,1,,Deamidation (NQ),N5:Deamidation (NQ):34.94
STPTAEDVTAPLV,22.80,1299.6558,13,-10.1,650.8286,91.13,0,31,95218,020818_324_T5_01.mgf,1,1,,,
DDLGPESRGF,22.45,1091.4883,10,-2.4,546.7501,71.86,0,31,92321,020818_324_T5_01.mgf,1,1,tr|C3PUB4|C3PUB4_THAWE,,
N(+.98)TVVIMT,22.19,777.3942,7,-3.2,778.3990,83.75,0,31,94089,020818_324_T5_01.mgf,1,1,gi|54036848,Deamidation (NQ),N1:Deamidation (NQ):1000.00
EALVK,21.96,558.3377,5,-1.4,559.3442,65.28,0,31,91487,020818_324_T5_01.mgf,1,1,,,
RHGAEVIDT,21.90,996.4988,9,-13.4,499.2500,78.45,0,31,93238,020818_324_T5_01.mgf,1,1,,,
QVGVTVDFYGGK,21.67,1268.6400,12,-8.1,635.3221,67.06,0,31,91702,020818_324_T5_01.mgf,1,1,tr|A0A089VKF6|A0A089VKF6_THAWE,,
VYGDTHGLTK,21.67,1089.5454,10,2.2,545.7812,80.01,0,31,93513,020818_324_T5_01.mgf,1,1,,,
QEISAAFK,21.28,892.4654,8,-7.3,447.2367,75.34,0,31,92816,020818_324_T5_01.mgf,1,1,,,
VLAAVYK,21.27,762.4639,7,-6.2,382.2369,84.94,0,31,94252,020818_324_T5_01.mgf,1,1,,,
EGM(+15.99)NIVEAMER,21.12,1293.5693,11,-11.2,647.7847,81.02,0,31,93663,020818_324_T5_01.mgf,1,1,,Oxidation (M),M3:Oxidation (M):4.05
Q(+.98)VTVN(+.98)LPDR,21.08,1042.5294,9,-7.3,522.2682,74.94,0,31,92760,020818_324_T5_01.mgf,1,1,tr|A0A089VP72|A0A089VP72_THAWE,Deamidation (NQ),Q1:Deamidation (NQ):1000.00;N5:Deamidation (NQ):1000.00
Q(+.98)SIDDMIPAQK,21.06,1245.5911,11,10.4,623.8093,94.09,0,31,95658,020818_324_T5_01.mgf,1,1,,Deamidation (NQ),Q1:Deamidation (NQ):21.18
AAVELSDRY,20.88,1022.5032,9,-3.4,512.2571,70.84,0,31,92186,020818_324_T5_01.mgf,1,1,tr|A0A089X9B4|A0A089X9B4_THAWE,,
FIDN(+.98)ILIQ(+.98)N(+.98)N(+.98)IQTK,20.88,1676.8508,14,2.8,839.4351,89.41,0,31,94970,020818_324_T5_01.mgf,1,1,tr|A0A089VKK1|A0A089VKK1_THAWE,Deamidation (NQ),N4:Deamidation (NQ):112.87;Q8:Deamidation (NQ):42.68;N9:Deamidation (NQ):47.09;N10:Deamidation (NQ):26.31
Q(+.98)LATNQK,20.49,802.4185,7,-3.6,402.2151,55.57,0,31,90488,020818_324_T5_01.mgf,1,1,tr|A0A089VIN8|A0A089VIN8_THAWE,Deamidation (NQ),Q1:Deamidation (NQ):8.02
VDAVSNAIR,20.13,943.5087,9,9.7,472.7662,91.30,0,31,95252,020818_324_T5_01.mgf,1,1,gi|54036848,,
EAIPNMPIK,20.03,1011.5423,9,-3.6,506.7766,87.56,0,31,94692,020818_324_T5_01.mgf,1,1,tr|A0A089VPC2|A0A089VPC2_THAWE,,
AYHLQ(+.98)VLT,19.99,944.4967,8,6.8,473.2588,84.95,0,31,94253,020818_324_T5_01.mgf,1,1,,Deamidation (NQ),Q5:Deamidation (NQ):1000.00
MAREKFER,19.90,1065.5389,8,-0.3,533.7766,78.95,0,31,93317,020818_324_T5_01.mgf,1,1,,,
APVLSDSSC(+57.02)K,19.55,1062.5016,10,-10.7,532.2524,79.45,0,31,93417,020818_324_T5_01.mgf,1,1,,Carbamidomethylation,C9:Carbamidomethylation:1000.00
IIN(+.98)GEVPEGLKGR,19.48,1381.7565,13,-4.3,691.8826,83.83,0,31,94102,020818_324_T5_01.mgf,1,1,gi|54036848,Deamidation (NQ),N3:Deamidation (NQ):1000.00
MATTLLQ(+.98)TSS,19.22,1052.5060,10,0.3,1053.5135,82.17,0,31,93853,020818_324_T5_01.mgf,1,1,,Deamidation (NQ),Q7:Deamidation (NQ):1000.00
FNGLN(+.98)IK,19.19,805.4333,7,-1.5,806.4394,98.56,0,31,96338,020818_324_T5_01.mgf,1,1,,Deamidation (NQ),N5:Deamidation (NQ):19.05
EELLVGQIAK,19.06,1098.6284,10,-3.2,550.3197,85.33,0,31,94337,020818_324_T5_01.mgf,1,1,,,
EGGGEGR,19.01,660.2827,7,-13.2,661.2812,76.31,0,31,92954,020818_324_T5_01.mgf,1,1,,,
EPM(+15.99)DK,18.89,634.2632,5,-5.4,635.2670,70.20,0,31,92104,020818_324_T5_01.mgf,1,1,tr|A0A089VQE9|A0A089VQE9_THAWE,Oxidation (M),M3:Oxidation (M):1000.00
TLFGR,18.81,592.3333,5,-5.3,593.3374,86.45,0,31,94546,020818_324_T5_01.mgf,1,1,,,
EGVISLEEGK,18.64,1059.5448,10,-14.4,530.7720,81.09,0,31,93679,020818_324_T5_01.mgf,1,1,,,
GLMADPSGEIMR,18.54,1275.5951,12,12.2,638.8126,75.92,0,31,92902,020818_324_T5_01.mgf,1,1,tr|A0A089VIN8|A0A089VIN8_THAWE,,
ILAAAIDNSR,18.47,1042.5770,10,4.0,522.2979,76.92,0,31,93043,020818_324_T5_01.mgf,1,1,,,
MEQELHHRV,18.40,1177.5662,9,5.9,589.7938,92.38,0,31,95423,020818_324_T5_01.mgf,1,1,gi|54036848,,
MSIIK,18.35,590.3462,5,-13.0,591.3458,82.92,0,31,93960,020818_324_T5_01.mgf,1,1,tr|A0A089X950|A0A089X950_THAWE,,
LQAM(+15.99)AEER,18.22,962.4491,8,-8.5,963.4482,72.34,0,31,92405,020818_324_T5_01.mgf,1,1,,Oxidation (M),M4:Oxidation (M):1000.00
GGGGGGY,18.19,523.2026,7,-2.4,524.2087,79.46,0,31,93421,020818_324_T5_01.mgf,1,1,,,
YVNHN(+.98)R,17.93,802.3722,6,-2.5,803.3774,61.59,0,31,91016,020818_324_T5_01.mgf,1,1,,Deamidation (NQ),N5:Deamidation (NQ):13.67
Q(+.98)LEAATQ(+.98)LE,17.86,1003.4709,9,12.6,1004.4909,82.66,0,31,93928,020818_324_T5_01.mgf,1,1,gi|54036848,Deamidation (NQ),Q1:Deamidation (NQ):1000.00;Q7:Deamidation (NQ):1000.00
TGQAPGFT,17.71,777.3657,8,-4.1,778.3698,72.12,0,31,92369,020818_324_T5_01.mgf,1,1,,,
VSMSK,17.59,550.2785,5,-3.4,551.2839,73.83,0,31,92593,020818_324_T5_01.mgf,1,1,,,
GVLNDLAK,17.56,828.4705,8,-2.5,829.4756,88.68,0,31,94873,020818_324_T5_01.mgf,1,1,gi|54036848,,
GN(+.98)NQ(+.98)IGLAPVA,17.54,1054.5294,11,4.3,528.2742,71.77,0,31,92301,020818_324_T5_01.mgf,1,1,,Deamidation (NQ),N2:Deamidation (NQ):17.01;Q4:Deamidation (NQ):0.00
LAEGEVQDGFR,17.54,1219.5833,11,-4.7,610.7960,65.81,0,31,91547,020818_324_T5_01.mgf,1,1,,,
N(+.98)YENTVSLVHG,17.34,1232.5673,11,2.1,1233.5771,92.18,0,31,95379,020818_324_T5_01.mgf,1,1,tr|A0A089X9B4|A0A089X9B4_THAWE,Deamidation (NQ),N1:Deamidation (NQ):3.29
TN(+.98)ALSGLGAGGK,17.21,1045.5404,12,2.0,523.7785,95.11,0,31,95803,020818_324_T5_01.mgf,1,1,,Deamidation (NQ),N2:Deamidation (NQ):1000.00
AIDN(+.98)LHK,17.18,810.4235,7,3.3,406.2204,73.25,0,31,92524,020818_324_T5_01.mgf,1,1,,Deamidation (NQ),N4:Deamidation (NQ):1000.00
FGGFGGPGGVGG,17.12,964.4402,12,10.5,965.4576,97.29,0,31,96125,020818_324_T5_01.mgf,1,1,,,
NKYEDEINK,17.11,1151.5458,9,-2.9,576.7785,87.30,0,31,94650,020818_324_T5_01.mgf,1,1,,,
RLEN(+.98)EIQTYR,17.08,1321.6626,10,-11.2,661.8312,67.57,0,31,91771,020818_324_T5_01.mgf,1,1,,Deamidation (NQ),N4:Deamidation (NQ):28.96
MSFLER,16.91,781.3793,6,3.7,782.3895,85.53,0,31,94379,020818_324_T5_01.mgf,1,1,,,
Q(+.98)SLEASLAETEGR,16.84,1390.6576,13,-7.0,696.3312,81.70,0,31,93767,020818_324_T5_01.mgf,1,1,,Deamidation (NQ),Q1:Deamidation (NQ):1000.00
AIAYSSLSQSY,16.81,1188.5663,11,-2.2,595.2891,84.95,0,31,94254,020818_324_T5_01.mgf,1,1,,,
TAIVEGLAQ(+.98)R,16.73,1057.5768,10,-12.6,529.7890,91.23,0,31,95236,020818_324_T5_01.mgf,1,1,gi|54036848,Deamidation (NQ),Q9:Deamidation (NQ):1000.00
IINGEVPE,16.72,869.4494,8,-3.2,870.4539,87.59,0,31,94695,020818_324_T5_01.mgf,1,1,gi|54036848,,
KLLEGEEC(+57.02)R,16.60,1132.5546,9,1.8,567.2856,84.68,0,31,94209,020818_324_T5_01.mgf,1,1,,Carbamidomethylation,C8:Carbamidomethylation:1000.00
QTEELNK,16.52,860.4240,7,10.4,431.2237,57.96,0,31,90672,020818_324_T5_01.mgf,1,1,,,
EVVGTAN,16.50,688.3392,7,-6.3,689.3421,73.91,0,31,92608,020818_324_T5_01.mgf,1,1,,,
TKIATPR,16.42,785.4759,7,-4.5,393.7435,68.29,0,31,91860,020818_324_T5_01.mgf,1,1,,,
IVQVNN(+.98)DEN(+.98)ILVVK,16.41,1597.8563,14,-13.5,799.9246,89.60,0,31,95011,020818_324_T5_01.mgf,1,1,tr|A0A089X984|A0A089X984_THAWE,Deamidation (NQ),N6:Deamidation (NQ):0.00;N9:Deamidation (NQ):0.00
DPAATSVAAAR,16.11,1028.5250,11,-12.1,515.2635,68.22,0,31,91845,020818_324_T5_01.mgf,1,1,,,
SPVVSGDTSPR,16.02,1100.5461,11,9.4,551.2855,75.25,0,31,92801,020818_324_T5_01.mgf,1,1,,,
IYWVDLER,15.99,1092.5603,8,9.9,547.2928,83.64,0,31,94070,020818_324_T5_01.mgf,1,1,,,
TVN(+.98)ALEIE,15.94,888.4440,8,8.5,889.4589,84.07,0,31,94125,020818_324_T5_01.mgf,1,1,,Deamidation (NQ),N3:Deamidation (NQ):1000.00
WN(+.98)FM(+15.99)Q(+.98)QQR,15.92,1154.4814,8,-1.4,578.2472,72.59,0,31,92442,020818_324_T5_01.mgf,1,1,,Deamidation (NQ); Oxidation (M),N2:Deamidation (NQ):11.01;M4:Oxidation (M):1000.00;Q5:Deamidation (NQ):9.34
MVTQDLK,15.82,833.4317,7,-6.2,417.7206,95.16,0,31,95816,020818_324_T5_01.mgf,1,1,,,
N(+.98)FEIIPNIVSK,15.81,1273.6918,11,-0.5,637.8528,75.97,0,31,92910,020818_324_T5_01.mgf,1,1,tr|A0A089VIN8|A0A089VIN8_THAWE,Deamidation (NQ),N1:Deamidation (NQ):15.57
TVLEVAGI,15.78,800.4644,8,-6.6,801.4663,84.16,0,31,94135,020818_324_T5_01.mgf,1,1,,,
SFDSFPN(+.98)GVA,15.72,1040.4451,10,-4.3,1041.4479,67.19,0,31,91721,020818_324_T5_01.mgf,1,1,tr|O96712|O96712_THAWE,Deamidation (NQ),N7:Deamidation (NQ):1000.00
MN(+.98)SINLQEEYAK,15.68,1439.6603,12,-0.7,480.8937,72.90,0,31,92475,020818_324_T5_01.mgf,1,1,tr|A0A089VQE9|A0A089VQE9_THAWE,Deamidation (NQ),N2:Deamidation (NQ):0.00
DLKWWELR,15.56,1144.6029,8,3.2,573.3105,90.87,0,31,95187,020818_324_T5_01.mgf,1,1,,,
EN(+.98)ISQPR,15.44,843.4086,7,1.6,844.4173,77.85,0,31,93156,020818_324_T5_01.mgf,1,1,,Deamidation (NQ),N2:Deamidation (NQ):6.57
ISSSK,15.39,520.2856,5,6.2,521.2961,97.01,0,31,96083,020818_324_T5_01.mgf,1,1,,,
GYGSGGGK,15.30,681.3082,8,0.0,682.3154,65.04,0,31,91456,020818_324_T5_01.mgf,1,1,,,
GELETQPGR,15.29,985.4828,9,-6.7,493.7454,74.82,0,31,92743,020818_324_T5_01.mgf,1,1,tr|C3PUB4|C3PUB4_THAWE,,
WTGIPVSR,15.27,914.4974,8,11.1,458.2610,69.82,0,31,92036,020818_324_T5_01.mgf,1,1,gi|54036848,,
LGYLESR,15.26,836.4392,7,4.6,419.2288,66.12,0,31,91582,020818_324_T5_01.mgf,1,1,tr|A0A089VIN8|A0A089VIN8_THAWE,,
ATGFTL,15.26,608.3170,6,-2.6,609.3226,67.05,0,31,91701,020818_324_T5_01.mgf,1,1,,,
AAIEYLFNVK,15.23,1166.6335,10,-6.4,584.3203,88.81,0,31,94896,020818_324_T5_01.mgf,1,1,,,
MLTTLLLHFFPDH,15.21,1583.8170,13,-1.8,792.9144,94.12,0,31,95659,020818_324_T5_01.mgf,1,1,,,
MPFVESR,15.17,864.4164,7,-8.3,865.4165,90.73,0,31,95167,020818_324_T5_01.mgf,1,1,,,
DLTVGNN(+.98)K,15.16,860.4240,8,-0.1,861.4312,90.54,0,31,95145,020818_324_T5_01.mgf,1,1,,Deamidation (NQ),N7:Deamidation (NQ):12.28
N(+.98)PDGTMNLM,15.04,992.3943,9,-8.9,497.2000,59.94,0,31,90858,020818_324_T5_01.mgf,1,1,,Deamidation (NQ),N1:Deamidation (NQ):23.96
MSLGLLGNKIGM(+15.99)T,15.03,1349.7047,13,-1.9,675.8583,86.48,0,31,94551,020818_324_T5_01.mgf,1,1,tr|A0A089X984|A0A089X984_THAWE,Oxidation (M),M12:Oxidation (M):41.98
Q(+.98)PAAAPQ(+.98)PGLVP,15.00,1146.5920,12,-3.3,574.3014,87.77,0,31,94742,020818_324_T5_01.mgf,1,1,,Deamidation (NQ),Q1:Deamidation (NQ):1000.00;Q7:Deamidation (NQ):1000.00
