,stripped_IL,Area,NAAF_num.
0,LPQVEGTGGDVQPSQDLVR,125000000.0,6578947.368421053
1,ALDLLDEAASSLR,210000000.0,16153846.153846154
2,VLGQNEAVDAVSNALR,111000000.0,6937500.0
3,DVPGTGNEFVGDFR,56800000.0,4057142.8571428573
4,VTDAELAEVLAR,207000000.0,17250000.0
5,ALGPGLGQGNAAGQAVEGLAR,2640000.0,125714.28571428571
6,YPVFAQQGYSNPR,1980000.0,152307.6923076923
7,KAQLGEVFEFDR,470000.0,39166.666666666664
8,RQTSELQHGR,370000.0,37000.0
9,VHTVVLNDPGR,1400000.0,127272.72727272728
10,KLAFYDYLGNNPAK,901000.0,64357.142857142855
11,LLPLGYDPDLPLLGHLQ,60700000.0,3570588.2352941176
12,ELPLPHEFLLNR,11600000.0,966666.6666666666
13,SCDVPDETRPTR,4440000.0,370000.0
14,GQTFKDAPTVKK,1900000.0,158333.33333333334
15,LPQVEGTGGDVQPSQDLVR,661000.0,34789.47368421053
16,DFGWDKFDEETK,10000000.0,833333.3333333334
17,LPQVEGTGGDVQPSQDLVR,1810000.0,95263.15789473684
18,ALQQQLENPLAQQLLSGELVPGK,32800000.0,1426086.956521739
19,ALGRPQDMFSDK,5240000.0,436666.6666666667
20,VLGQNEAVDAVSNALR,464000.0,29000.0
21,STEFDNLLLVGPLAGK,4110000.0,256875.0
22,GYDPDLPLLGHLQ,134000000.0,10307692.307692308
23,CSESPAFTKR,5530000.0,553000.0
24,DVTGEAEFVGDFR,1150000.0,88461.53846153847
25,DYDPELNKNNVLAR,11300000.0,807142.8571428572
26,NGALDFGWDSFDEETK,893000.0,55812.5
27,DYTPANNYNNLLDR,164000.0,11714.285714285714
28,GQTFKDAPTVK,1790000.0,162727.27272727274
29,SGDCTQERFDR,27000000.0,2454545.4545454546
30,GWDKFDEETK,13900000.0,1390000.0
31,LYTSELVHCR,234000.0,23400.0
32,NNPVLLGEPGVGK,138000000.0,10615384.615384616
33,FGYDFLPGK,1980000.0,220000.0
34,DFGYSFPCDGPGR,4100000.0,315384.6153846154
35,TDGKPWWT,14100000.0,1762500.0
36,AAAAGFEK,4760000.0,595000.0
37,GSGGGSSGGSLGGR,670000.0,47857.142857142855
38,DVTGEGEFVGDFR,2530000.0,194615.38461538462
39,AGLHLPGSLNYAGD,14600000.0,1042857.1428571428
40,LGELLRPLNAEYGK,538000.0,38428.57142857143
41,DLMAQLYPSFGK,394000.0,32833.333333333336
42,GLDQEKFDQYR,148000.0,13454.545454545454
43,APGDFGLDGGFLK,97000.0,7461.538461538462
44,DKPVALSLVQAR,1550000.0,129166.66666666667
45,LGGELPLVGPM,6160000.0,560000.0
46,YLTYPFYAGGNR,3380000.0,281666.6666666667
47,TGEPALDLPK,2670000.0,267000.0
48,NGALDFGWDK,9200000.0,920000.0
49,SGGGGGGGLGSGGSLR,164000.0,10250.0
50,GGSGGSYGGGGSGGGYGGGSGSR,114000.0,4956.521739130435
51,CSESPAFTK,6030000.0,670000.0
52,AGVHLPGNLDYAGNSF,15900000.0,993750.0
53,TGATGFGSK,619000.0,68777.77777777778
54,AGVHLPGNLDYAG,9850000.0,757692.3076923077
55,AGLHLPGSLNYAGDSF,8730.0,545.625
56,AVVPSDVLTASNGK,128000.0,9142.857142857143
57,VLNTWADLLNR,82700.0,7518.181818181818
58,GGESVGQSTLTR,11000000.0,916666.6666666666
59,APGDFGFGK,3370000.0,374444.44444444444
60,LGEHNLDVLEGNEQ,13500000.0,964285.7142857143
61,AGLHLPGSLNYAGDS,7820000.0,521333.3333333333
62,AVPVVGPPLVLVLR,41600.0,2971.4285714285716
63,NNPVLLGEPGVGK,187000.0,14384.615384615385
64,AKNKGVFLSPY,414000.0,37636.36363636364
65,GPAPLPLALAHLD,1830000.0,140769.23076923078
66,ALGPGLGQGNAAGQ,14700000.0,1050000.0
67,QAGQLTDLTTTEK,449000.0,34538.46153846154
68,LGPGDFLVHHALAL,381000.0,27214.285714285714
69,NNPVLLGEPGVGK,464000.0,35692.307692307695
70,AGLHLPGSLNY,14100000.0,1281818.1818181819
71,SSAFGFLLAK,48900.0,4890.0
72,AAAAGFEKG,2220000.0,246666.66666666666
73,DLMAQLYPSFGK,297000.0,24750.0
74,AGVHLPGNLDYA,16500000.0,1375000.0
75,LPDKLAFYDY,14800000.0,1480000.0
76,DDADQERFDR,47200000.0,4720000.0
77,LGEHNLDVLEGN,43700000.0,3641666.6666666665
78,SYAFGGDVLEVGGK,510000.0,36428.57142857143
79,LGGELPLVGPM,1150000.0,104545.45454545454
80,TYPFYAGGNRGR,781000.0,65083.333333333336
81,KGDATYLLVK,1500000.0,150000.0
82,DEETKLQKR,10200000.0,1133333.3333333333
83,AFGGDVLEVGGK,14200000.0,1183333.3333333333
84,LSSPATLNSR,8130000.0,813000.0
85,DVNRQQLGADGKPADL,1430000.0,89375.0
86,GRGQVYPTGEK,932000.0,84727.27272727272
87,NPVLLGEPGVGK,1970000.0,164166.66666666666
88,GDATYLLVK,3190000.0,354444.44444444444
89,GQSVAGGGLNDLAR,125000.0,8928.57142857143
90,RALELNNGR,7100000.0,788888.8888888889
91,FSSCGGGGGSFGAGGGFGSR,50600.0,2530.0
92,YDPDLPLLGHLQ,28100000.0,2341666.6666666665
93,TSLESDGVFR,28900000.0,2890000.0
94,TLFRDVFTG,686000.0,76222.22222222222
95,SEGTDLQTK,4330000.0,481111.1111111111
96,GFRFPCDGPGR,885000.0,80454.54545454546
97,VLAPGHVGNCQAK,149000.0,11461.538461538461
98,AGVHLPGNLDYAGN,2140000.0,152857.14285714287
99,LSGDCTQER,29200000.0,3244444.4444444445
100,EGVSLWER,725000.0,90625.0
101,GDFDFGKPDLGDK,45600.0,3507.6923076923076
102,PDLPLLGHLQ,14900000.0,1490000.0
103,ANYDFLPGK,2560000.0,284444.44444444444
104,GLASVTTK,533000.0,66625.0
105,FRFPCDGPGR,1520000.0,152000.0
106,ALSLTQGR,44000000.0,5500000.0
107,YAFGGDVLEVGGK,1160000.0,89230.76923076923
108,ALQQQLENPLAQQLLSGELVPGK,603000.0,26217.391304347828
109,GGGGGSFGAGGGFGSR,106000.0,6625.0
110,LGEHNLDVL,50100000.0,5566666.666666667
111,EGLGYSLGR,68800.0,7644.444444444444
112,AGLHLPGSLNYA,8610000.0,717500.0
113,LLTHPNFNGNT,1730000.0,157272.72727272726
114,NLFDPFGFSK,607000.0,60700.0
115,WVTNPLK,19400000.0,2771428.5714285714
116,LGYFPPFDAK,227000.0,22700.0
117,GEAEFVGDFR,4080000.0,408000.0
118,LAFKGDNLDR,83500.0,8350.0
119,GDCTQERFDR,2370000.0,237000.0
120,AGVHLPGNLDY,12900000.0,1172727.2727272727
121,QSSQVVWPLVGQE,630000.0,48461.53846153846
122,FFDPLGFSK,110000.0,12222.222222222223
123,ALQQQLENPLAQQLLSGELVPGK,0.0,0.0
124,LGEHNLDVLEG,365000000.0,33181818.181818184
125,ALLGAVVPVDAK,146000.0,12166.666666666666
126,FGGDVLEVGGK,7420000.0,674545.4545454546
127,ATPGDWESSK,1740000.0,174000.0
128,LENCPSTTDTPR,59900.0,4991.666666666667
129,AGVHLPGNLDYAGNSF,352000.0,22000.0
130,SGPMNKGDGLAEA,2610000.0,200769.23076923078
131,ETELLNYLNPK,475000.0,43181.818181818184
132,TPLANLLR,3870000.0,483750.0
133,EVELKVPYDVNR,714000.0,59500.0
134,TAAAFTLAK,254000.0,28222.222222222223
135,YDYLGNNPAK,4520000.0,452000.0
136,GSSSGGGYSSGSSSYGSGGR,12300.0,615.0
137,TGLVFNVTK,462000.0,51333.333333333336
138,LNPEGYYLFDK,332000.0,30181.81818181818
139,LPQVEGTGGDVQPSQDLVR,79800.0,4200.0
140,YVELKHGR,3870000.0,483750.0
141,YVELKHGR,3870000.0,483750.0
142,FLGNLLTR,93400000.0,11675000.0
143,VGGGLYTK,1790000.0,223750.0
144,FGWDKFDEETK,242000.0,22000.0
145,GATQAGQLTDLTTTEKGE,81600.0,4533.333333333333
146,AGLHLPGNLDTA,2010000.0,167500.0
147,QSSQVVWPLVGQ,1040000.0,86666.66666666667
148,NGDGNFLTSK,204000.0,20400.0
149,AGNSTYAR,46700.0,5837.5
150,GQVYPTGEK,25900000.0,2877777.777777778
151,DALGNELMAK,1750000.0,175000.0
152,FGLTPLLR,120000.0,15000.0
153,LSSPATLNSR,114000.0,11400.0
154,LGGELPLVGQM,422000.0,38363.63636363636
155,NVEWTDDPHPR,380000.0,34545.454545454544
156,GLLDDADQER,4690000.0,469000.0
157,ELKVPYDVNR,666000.0,66600.0
158,FYDYLGNNPAK,130000.0,11818.181818181818
159,LNSVNYVSPR,7270000.0,727000.0
160,ALQLQPLFAQ,9530000.0,953000.0
161,ELLDAHRPPGGR,198000.0,16500.0
162,LAFYDYLGNNPAK,14600.0,1123.076923076923
163,LGPGDFLVHHALA,895000.0,68846.15384615384
164,YQWDSGYFQQELER,48400.0,3457.1428571428573
165,GFFDPLNLSK,416000.0,41600.0
166,SFPVLLVDK,4460000.0,495555.55555555556
167,LLFSPWTETDFR,53900.0,4491.666666666667
168,AAGQAVEGLAR,595000.0,54090.90909090909
169,EAELTHGR,621000.0,77625.0
170,VGGTEEDLK,5510000.0,612222.2222222222
171,DALGNELMAK,3040000.0,304000.0
172,ALELEAPQGVLPN,891000.0,68538.46153846153
173,VLGPLMSK,1520000.0,190000.0
174,LADCSR,173000.0,28833.333333333332
175,AGVHLPGNLD,16100000.0,1610000.0
176,TGNLSGDEAK,12500.0,1250.0
177,ALQELQHGR,333000.0,37000.0
178,TSELNNGR,322000.0,40250.0
179,YLTYPFYAGGNRGR,110000.0,7857.142857142857
180,QQVPLVNDR,343000.0,38111.11111111111
181,DKFDEETK,59400000.0,7425000.0
182,GMLSGDCTQER,8940000.0,812727.2727272727
183,ELPLPHEFLLNRD,1760000.0,135384.61538461538
184,DAVETSFAK,734000.0,81555.55555555556
185,DVLTASNGK,157000.0,17444.444444444445
186,ELGGLVTDGSVR,34100.0,2841.6666666666665
187,AGVHLPGNLDYAGNS,330000.0,22000.0
188,VTEVANLGPGR,45000.0,4090.909090909091
189,ASDAELAR,504000.0,63000.0
190,LVGGYTCAAN,23400000.0,2340000.0
191,LGLPGASSLDDK,311000.0,25916.666666666668
192,MTEENLYQK,1300000.0,144444.44444444444
193,LGYDPDLPLLGH,17000000.0,1416666.6666666667
194,EADSPPALALK,711000.0,64636.36363636364
195,YVNWLQQTLAAN,44900.0,3741.6666666666665
196,LGAAYGTAK,483000.0,53666.666666666664
197,VDFYGGKLNGQTFK,335000.0,23928.571428571428
198,DVTGQGEFVGDFR,54500.0,4192.307692307692
199,FVFPEEVLPR,299000.0,29900.0
200,LLTHPNFNGNTL,67400000.0,5616666.666666667
201,SQNLVSPGFDGLDK,40200.0,2871.4285714285716
202,GAQPPLGFF,1080000.0,120000.0
203,LLTHPNFNG,6070000.0,674444.4444444445
204,FGYSFPCDGPGR,521000.0,43416.666666666664
205,GGELPLVGQM,1810000.0,181000.0
206,NGFLDFGWDK,139000.0,13900.0
207,LPQVEGTGGD,820000.0,82000.0
208,DHGFPVR,103000.0,14714.285714285714
209,QYAPTGAVVR,1040000.0,104000.0
210,GWDDFDEETK,113000000.0,11300000.0
211,EWTDDPHPR,506000.0,56222.22222222222
212,DSFDEETK,72600000.0,9075000.0
213,AVETSFAK,1340000.0,167500.0
214,NVGGLLLLPK,8410000.0,841000.0
215,GLSDLQTDLR,465000.0,46500.0
216,VATVSLPR,428000000.0,53500000.0
217,KFDEETK,1710000.0,244285.7142857143
218,LGYDPDLPLLGHLQ,31200.0,2228.5714285714284
219,AGVHLPGNLDYAGDS,1150000.0,76666.66666666667
220,LGGELPLVGQM,547000.0,49727.27272727273
221,HVDCPGHADY,266000.0,26600.0
222,AGVHLPGNLDYAGD,43800000.0,3128571.4285714286
223,LTTPPHPAGLTPF,482000.0,37076.92307692308
224,EEEWELER,627000.0,78375.0
225,ALPLEAFGPK,98000.0,9800.0
226,GNLTNLLR,23200.0,2900.0
227,TGRDCTSEER,13600.0,1360.0
228,DPDLPLLGHLQ,113000.0,10272.727272727272
229,VVLNDPGR,7430000.0,928750.0
230,NLEVPPYKFTGDTK,715000.0,51071.42857142857
231,DSFPNGWAALSGPD,933000.0,66642.85714285714
232,ALTPYAYLSK,294000.0,29400.0
233,YLGNNPAK,4660000.0,582500.0
234,FFDPAGFAAK,72600.0,7260.0
235,AGLQFPVGR,101000.0,11222.222222222223
236,LGEHNLDVLEGN,124000.0,10333.333333333334
237,LGEHNLDVLEGNE,8030000.0,617692.3076923077
238,FGWDDFDEETK,15400000.0,1400000.0
239,GLLFDTGGYNLK,18100.0,1508.3333333333333
240,TTTWLWNLHAD,1610000.0,146363.63636363635
241,NLNPDTPR,799000.0,99875.0
242,ALELNNGR,550000000.0,68750000.0
243,YVGGTEEDLK,1130000.0,113000.0
244,TSELQHGR,27600.0,3450.0
245,VETSFAK,372000.0,53142.857142857145
246,QVEGTGGDVQPSQDLVR,79900.0,4700.0
247,QQLGADGKPADLNVGGLLLLPK,1940000.0,88181.81818181818
248,SLPFLTVPEK,278000.0,27800.0
249,LNFAPTLQPR,207000.0,20700.0
250,GAGVGGGNDER,7360.0,669.0909090909091
251,NEQFLNAAK,12500000.0,1388888.888888889
252,DEETKLSK,1460000.0,182500.0
253,AALGPGLGQGN,391000.0,35545.454545454544
254,VHEQLGGELPLVGQM,1910000.0,127333.33333333333
255,VVNAAQEK,148000.0,18500.0
256,GYVGDVGFDPFR,28400.0,2366.6666666666665
257,YSFPCDGPGR,750000.0,75000.0
258,LTTPGQR,1120000.0,160000.0
259,DFGWDSFDEETK,1500000.0,125000.0
260,VEDCK,381000.0,76200.0
261,LPDKLAFYD,3090000.0,343333.3333333333
262,LSPYNLATK,213000.0,23666.666666666668
263,SPATLNSR,12200000.0,1525000.0
264,KVPDDTEGSK,51900.0,5190.0
265,SLWDPHFGESALK,1750000.0,134615.38461538462
266,NNYNNLLDR,3820000.0,424444.44444444444
267,NDEALAFLR,633000.0,70333.33333333333
268,SGPMNKGDGLAE,302000.0,25166.666666666668
269,LGEHNLDVLEGNEQFLNAAK,37600.0,1880.0
270,VLGQNEAVDAVSNALR,97300.0,6081.25
271,GSDETLAWFR,188000.0,18800.0
272,FDEETK,271000000.0,45166666.666666664
273,QAGQLTDLTTTEKGE,125000.0,8333.333333333334
274,NDDGTLQDPVLGTK,56100.0,4007.1428571428573
275,VAPETYR,1580000.0,225714.2857142857
276,GTDGLPHLVADGR,153000.0,11769.23076923077
277,SNVSEETLAR,50300.0,5030.0
278,SEGTDLQTKK,26700.0,2670.0
279,AFLGQLVTR,500000000.0,55555555.55555555
280,GYDFLPGK,131000.0,16375.0
281,TLPTFSR,259000.0,37000.0
282,LGGSLPLVGEM,884000.0,80363.63636363637
283,GGDVLEVGGK,9620000.0,962000.0
284,LGGSLPLVGEM,3910000.0,355454.54545454547
285,GAQPPLGFFD,7130000.0,713000.0
286,ELLNYLNPK,1240000.0,137777.77777777778
287,LMAQLYPSFGK,223000.0,20272.727272727272
288,AGLHLPGSLNYAG,16500.0,1269.2307692307693
289,VEGTGGDVQPSQDLVR,191000.0,11937.5
290,ALGPGLGQGNAA,12800000.0,1066666.6666666667
291,GGELPLVGPM,331000.0,33100.0
292,MLSGDCTQER,970000.0,97000.0
293,LGEHNLDVLE,3920000.0,392000.0
294,LGEHNLDVLEGN,717000.0,59750.0
295,SPPALALK,616000.0,77000.0
296,TFDTVDWSK,203000.0,22555.555555555555
297,TTDGYLVR,120000.0,15000.0
298,TDGLDQEK,267000.0,33375.0
299,NLHLLAPGTTAPNA,739000.0,52785.71428571428
300,SVNYVSPR,922000.0,115250.0
301,LFELYTK,110000.0,15714.285714285714
302,NSNGLCTR,122000.0,15250.0
303,DYDPELNK,168000.0,21000.0
304,FSPWTETDFR,471000.0,47100.0
305,NNNPDTPR,208000.0,26000.0
306,FSDFLPVDFLR,10100.0,918.1818181818181
307,LGEHNLDVLEGNEQF,362000.0,24133.333333333332
308,GVTVDFYGGK,3320000.0,332000.0
309,GWDSFDEETK,5560000.0,556000.0
310,PGTLPGWEGPGWDK,315000.0,22500.0
311,KFDEETLK,819000.0,102375.0
312,LGEHNLDV,3570000.0,446250.0
313,GEGEFVGDFR,703000.0,70300.0
314,FSDLLTSVR,243000.0,27000.0
315,NSDLGWLK,95300.0,11912.5
316,SGSHFCGGSLLNSQW,331000.0,22066.666666666668
317,DFGWDK,22700000.0,3783333.3333333335
318,NLGFRFPCDGPGR,636000.0,48923.07692307692
319,YTPYNYEK,184000.0,23000.0
320,AVPVVGPPLVL,17000.0,1545.4545454545455
321,AGLHLPGSLN,23700000.0,2370000.0
322,EGNEQFLNAAK,1310000.0,119090.90909090909
323,AHVDCPGHAD,697000.0,69700.0
324,NGYLDFGWDD,5760000.0,576000.0
325,KAQLGEVFEF,14400000.0,1440000.0
326,SGSHFCGGSLLNSQ,716000.0,51142.857142857145
327,LNGQTFK,3000000.0,428571.4285714286
328,GGGTLGHPDGLQA,977000.0,75153.84615384616
329,ECLLSGWGNTK,178000.0,16181.818181818182
330,LSDGLSEEK,414000.0,46000.0
331,LVSLDNFTR,30000.0,3333.3333333333335
332,WDDFDEETK,18000000.0,2000000.0
333,LTGFGEVK,69300.0,8662.5
334,GVFVLDPPDGK,62000.0,5636.363636363636
335,LGPGDFLVH,421000.0,46777.77777777778
336,LAGPVWDDK,135000.0,15000.0
337,LPDKLAFY,1110000.0,138750.0
338,GATQAGQLTDLTTTEK,61500.0,3843.75
339,DDPALVAELK,11100.0,1110.0
340,NYSPEEYADK,243000.0,24300.0
341,GTGNEFVGDFR,51400.0,4672.727272727273
342,LLDDADQER,2330000.0,258888.88888888888
343,VSTVYDWLER,207000.0,20700.0
344,GMTQER,1230000.0,205000.0
345,TGSLCVR,438000.0,62571.42857142857
346,HVDCPGHAD,667000.0,74111.11111111111
347,NNPVLLGEPG,1070000.0,107000.0
348,GQAVEGLAR,10100000.0,1122222.2222222222
349,AFLGNLLTR,119000000.0,13222222.222222222
350,GLLDEAGQAR,1350000.0,135000.0
351,AHVDCPGHADY,129000.0,11727.272727272728
352,AQLGEVFEFDR,244000.0,22181.81818181818
353,SFDSFPNGWAALSGPD,586000.0,36625.0
354,LVSEWVR,132000.0,18857.14285714286
355,GGELPLVGQM,769000.0,76900.0
356,LAPETYR,287000.0,41000.0
357,APGTTAPNA,287000.0,31888.88888888889
358,GLLGLMVHEQL,1030000.0,93636.36363636363
359,GVAWSGGGR,169000.0,18777.777777777777
360,DLSELTVK,51400.0,6425.0
361,GVEDVDQAR,56000.0,6222.222222222223
362,VDFYGGK,1030000.0,147142.85714285713
363,GYDPDLPLLGH,795000000.0,72272727.27272727
364,WLQQTLAAN,917000.0,101888.88888888889
365,LLETEPGSR,608000.0,67555.55555555556
366,STGFAWWSGNAR,196000.0,16333.333333333334
367,EETLAWLR,84900.0,10612.5
368,VFPEEVLPR,1440000.0,160000.0
369,ENEALQQK,154000.0,19250.0
370,DFDEETK,35800000.0,5114285.714285715
371,LNASVKK,358000.0,51142.857142857145
372,STDLLLR,44100.0,6300.0
373,VNYVSPR,3140000.0,448571.4285714286
374,DDEFQDAK,196000.0,24500.0
375,AALGPGLGQGNAAGQ,765000.0,51000.0
376,NAAGQAVEGLAR,87800.0,7316.666666666667
377,EQFLNAAK,4470000.0,558750.0
378,LAQLAFLGNLLTR,1150000.0,88461.53846153847
379,SLESDGVFR,2070000.0,230000.0
380,GGELPLVGPM,271000.0,27100.0
381,ALADDLSSK,398000.0,44222.22222222222
382,LAFLGQLVTR,0.0,0.0
383,YGLLPVPDDLR,23600.0,2145.4545454545455
384,TEENLYQK,195000.0,24375.0
385,DSPPALALK,528000.0,58666.666666666664
386,DDFDEETKLQK,41500.0,3772.7272727272725
387,DYLGNNPAK,3460000.0,384444.44444444444
388,ATYLLVK,989000.0,141285.7142857143
389,NLHLLAPGTTAPNAL,95600.0,6373.333333333333
390,NEQFLNAA,15500000.0,1937500.0
391,LLPLGYDPDLPLLGH,59400.0,3960.0
392,ANNDVPR,501000.0,71571.42857142857
393,ANLGFRFPCDGPGR,29900.0,2135.714285714286
394,ESCEQLYQTAGK,10800.0,900.0
395,DLQNPLESCNPK,48100.0,4008.3333333333335
396,AQLYPSFGK,584000.0,64888.88888888889
397,AQGLKGDATY,266000.0,26600.0
398,LQSNEEPK,717000.0,89625.0
399,DEETKLQK,2250000.0,281250.0
400,QGYVVVR,20800.0,2971.4285714285716
401,AGLHLPGS,1410000.0,176250.0
402,APTGAVVR,293000.0,36625.0
403,KLAFYDY,3120000.0,445714.28571428574
404,NSGSHFCGGSLLNSQ,536000.0,35733.333333333336
405,GSEADLQNMK,31700.0,3170.0
406,GYDPDLPLLGHLQ,1420.0,109.23076923076923
407,RYVELK,31100000.0,5183333.333333333
408,RYVELK,31100000.0,5183333.333333333
409,YLQAASGK,286000.0,35750.0
410,DDFDEETK,197000000.0,24625000.0
411,LLTHPNFNGNTLD,862000.0,66307.69230769231
412,FPEEVLPR,275000.0,34375.0
413,TNLLNSLK,267000.0,33375.0
414,GQLTDLTTTEK,544000.0,49454.545454545456
415,GDWESSK,477000.0,68142.85714285714
416,THQELLF,431000.0,61571.42857142857
417,YSPEEYADK,258000.0,28666.666666666668
418,GGEAGSATPVMR,104000.0,8666.666666666666
419,VEWTDDPHPR,64600.0,6460.0
420,LYPSFGK,1010000.0,144285.7142857143
421,ELNYAVR,91000.0,13000.0
422,ALQQQLENPLAQQLLSGELVPGK,229000.0,9956.521739130434
423,PDLPLLGH,7840000.0,980000.0
424,QFLNAAK,894000.0,127714.28571428571
425,MAVNDALLK,755.0,83.88888888888889
426,SVFEVELK,893000.0,111625.0
427,VGGDEATPGR,39700.0,3970.0
428,MAQLYPSFGK,58800.0,5880.0
429,SLPFLTVPEKLD,43200.0,3600.0
430,NYNNLLDR,1370000.0,171250.0
431,GFAWWSGNAR,377000.0,37700.0
432,CLLSGWGNTK,75200.0,7520.0
433,QGYSNPR,2060000.0,294285.71428571426
434,AEGEVQDGFR,105000.0,10500.0
435,LGEHNLDVLEGNE,410000.0,31538.46153846154
436,AVFDPSDPVLNP,396000.0,33000.0
437,ESDGVFR,3930000.0,561428.5714285715
438,NLLLNEGLR,387000.0,43000.0
439,NKPGVYTK,216000.0,27000.0
440,AQLSPEVK,99600.0,12450.0
441,LRYVELK,17800000.0,2542857.1428571427
442,LRYVELK,17800000.0,2542857.1428571427
443,YNNLLDR,157000.0,22428.571428571428
444,LLTHPNFNGN,4300000.0,430000.0
445,TDQQLEK,74400.0,10628.57142857143
446,RDVPGTGN,616000.0,77000.0
447,FDEETLK,2030000.0,290000.0
448,DLPADLLAK,297000.0,33000.0
449,ESFPVLLVDK,152000.0,15200.0
450,ETLLWFR,7740.0,1105.7142857142858
451,LALGQNQER,443000.0,49222.22222222222
452,EWELSYR,471000.0,67285.71428571429
453,LAFLGNLLTR,290000.0,29000.0
454,GYDPDLPLLGHL,5280.0,440.0
455,TGLLPHPVPL,240000.0,24000.0
456,TYPFYAGGNR,2000000.0,200000.0
457,EHLNPR,31500.0,5250.0
458,DLGFDVEK,171000.0,21375.0
459,LVGPLAGK,1530000.0,191250.0
460,VSLNGLVYK,75100.0,8344.444444444445
461,ELNSVNYVSPR,105000.0,9545.454545454546
462,EYNELLK,132000.0,18857.14285714286
463,ETFAALSYGK,47600.0,4760.0
464,AQLGEVFEF,971000.0,107888.88888888889
465,ELGAQPPLGF,2460000.0,246000.0
466,FATYWPR,56100.0,8014.285714285715
467,QLYPSFGK,99500.0,12437.5
468,DNTPDDAR,5390.0,673.75
469,MVHEELLPL,4460000.0,495555.55555555556
470,AFYDYLGNNPAK,141000.0,11750.0
471,LYDDEFQDAK,44700.0,4470.0
472,SDFLTFK,2300000.0,328571.4285714286
473,TPEEEER,107000.0,15285.714285714286
474,FGWDSFDEETK,299000.0,27181.81818181818
475,NLAEQEFWGK,42500.0,4250.0
476,SLDCSGR,66800.0,9542.857142857143
477,GYVSNGDQAR,102000.0,10200.0
478,AGLHLPGSL,401000.0,44555.555555555555
479,EADSPPALALKQ,127000.0,10583.333333333334
480,GSGGGSYGSGGGGGGGR,9290.0,546.4705882352941
481,TCDLLFK,24400.0,3485.714285714286
482,DNDLMLLK,936000.0,117000.0
483,DQLAELVK,383000.0,47875.0
484,NGYLDFGW,98400.0,12300.0
485,PVLLGEPGVGK,96100.0,8736.363636363636
486,GGGTLGHPDGLQ,98100.0,8175.0
487,DATYLLVK,95200.0,11900.0
488,SGDCTQER,56600.0,7075.0
489,FLNDLFER,58300.0,7287.5
490,GGSGGGGSLSGGGYGSGGGSGGR,30400.0,1321.7391304347825
491,LDEAGQAR,233000.0,29125.0
492,TPGDWESSK,588000.0,65333.333333333336
493,LADDLSSK,367000.0,45875.0
494,NEADMLDLR,64100.0,7122.222222222223
495,ALELNNGR,121000.0,15125.0
