,stripped peptide,NAAF factor,A,C,D,E,F,G,H,I,K,L,M,N,P,Q,R,S,T,V,W,Y,c-carb,m-oxid,k-oxid,p-oxid,r-oxid,y-oxid,n-deam,k-meth,r-meth,q-pyro,k-acet,A-NAAF20,C-NAAF20,D-NAAF20,E-NAAF20,F-NAAF20,G-NAAF20,H-NAAF20,I-NAAF20,K-NAAF20,L-NAAF20,M-NAAF20,N-NAAF20,P-NAAF20,Q-NAAF20,R-NAAF20,S-NAAF20,T-NAAF20,V-NAAF20,W-NAAF20,Y-NAAF20,ccarb-NAAF20,moxid-NAAF20,koxid-NAAF20,poxid-NAAF20,roxid-NAAF20,yoxid-NAAF20,ndeam-NAAF20,kmeth-NAAF20,rmeth-NAAF20,qpyro-NAAF20,kacet-NAAF20
0,LPQVEGTGGDVQPSQDLVR,12.382694013183036,0,0,2,1,0,3,0,0,0,2,0,0,2,3,1,1,1,3,0,0,0,0,0,0,0,0,0,0,0,0,0,0.0,0.0,24.76538802636607,12.382694013183036,0.0,37.14808203954911,0.0,0.0,0.0,24.76538802636607,0.0,0.0,24.76538802636607,37.14808203954911,12.382694013183036,12.382694013183036,12.382694013183036,37.14808203954911,0.0,0.0,0.0,0.0,0.0,0.0,0.0,0.0,0.0,0.0,0.0,0.0,0.0
1,VIGQNEAVDAVSNAIR,14.151650300780613,3,0,1,1,0,1,0,2,0,0,0,2,0,1,1,1,0,3,0,0,0,0,0,0,0,0,0,0,0,0,0,42.454950902341835,0.0,14.151650300780613,14.151650300780613,0.0,14.151650300780613,0.0,28.303300601561226,0.0,0.0,0.0,28.303300601561226,0.0,14.151650300780613,14.151650300780613,14.151650300780613,0.0,42.454950902341835,0.0,0.0,0.0,0.0,0.0,0.0,0.0,0.0,0.0,0.0,0.0,0.0,0.0
2,DADGGDGPEAPSEEKN,0.016141726124327887,2,0,3,3,0,3,0,0,1,0,0,1,2,0,0,1,0,0,0,0,0,0,0,0,0,0,0,1,0,0,0,0.032283452248655774,0.0,0.04842517837298366,0.04842517837298366,0.0,0.04842517837298366,0.0,0.0,0.016141726124327887,0.0,0.0,0.016141726124327887,0.032283452248655774,0.0,0.0,0.016141726124327887,0.0,0.0,0.0,0.0,0.0,0.0,0.0,0.0,0.0,0.0,0.0,0.016141726124327887,0.0,0.0,0.0
3,GGGTIGHPDGIQA,2.7350785677470224,1,0,1,0,0,5,1,2,0,0,0,0,1,1,0,0,1,0,0,0,0,0,0,0,0,0,0,0,0,0,0,2.7350785677470224,0.0,2.7350785677470224,0.0,0.0,13.675392838735112,2.7350785677470224,5.470157135494045,0.0,0.0,0.0,0.0,2.7350785677470224,2.7350785677470224,0.0,0.0,2.7350785677470224,0.0,0.0,0.0,0.0,0.0,0.0,0.0,0.0,0.0,0.0,0.0,0.0,0.0,0.0
4,GGGTIGHPDGIQ,3.847479925524729,0,0,1,0,0,5,1,2,0,0,0,0,1,1,0,0,1,0,0,0,0,0,0,0,0,0,0,0,0,0,0,0.0,0.0,3.847479925524729,0.0,0.0,19.237399627623645,3.847479925524729,7.694959851049458,0.0,0.0,0.0,0.0,3.847479925524729,3.847479925524729,0.0,0.0,3.847479925524729,0.0,0.0,0.0,0.0,0.0,0.0,0.0,0.0,0.0,0.0,0.0,0.0,0.0,0.0
5,ADGGDGPEAPSEEKN,0.018750936648534312,2,0,2,3,0,3,0,0,1,0,0,1,2,0,0,1,0,0,0,0,0,0,0,0,0,0,0,1,0,0,0,0.037501873297068625,0.0,0.037501873297068625,0.05625280994560294,0.0,0.05625280994560294,0.0,0.0,0.018750936648534312,0.0,0.0,0.018750936648534312,0.037501873297068625,0.0,0.0,0.018750936648534312,0.0,0.0,0.0,0.0,0.0,0.0,0.0,0.0,0.0,0.0,0.0,0.018750936648534312,0.0,0.0,0.0
6,VNDDGTIQDPVLGTK,0.12382694013183036,0,0,3,0,0,2,0,1,1,1,0,1,1,1,0,0,2,2,0,0,0,0,0,0,0,0,0,0,0,0,0,0.0,0.0,0.3714808203954911,0.0,0.0,0.24765388026366073,0.0,0.12382694013183036,0.12382694013183036,0.12382694013183036,0.0,0.12382694013183036,0.12382694013183036,0.12382694013183036,0.0,0.0,0.24765388026366073,0.24765388026366073,0.0,0.0,0.0,0.0,0.0,0.0,0.0,0.0,0.0,0.0,0.0,0.0,0.0
7,FGGGTIGHPDGIQ,0.2081925476941763,0,0,1,0,1,5,1,2,0,0,0,0,1,1,0,0,1,0,0,0,0,0,0,0,0,0,0,0,0,0,0,0.0,0.0,0.2081925476941763,0.0,0.2081925476941763,1.0409627384708815,0.2081925476941763,0.4163850953883526,0.0,0.0,0.0,0.0,0.2081925476941763,0.2081925476941763,0.0,0.0,0.2081925476941763,0.0,0.0,0.0,0.0,0.0,0.0,0.0,0.0,0.0,0.0,0.0,0.0,0.0,0.0
8,NDDGTIQDPVLGTK,0.11422403457058637,0,0,3,0,0,2,0,1,1,1,0,1,1,1,0,0,2,1,0,0,0,0,0,0,0,0,0,0,0,0,0,0.0,0.0,0.3426721037117591,0.0,0.0,0.22844806914117274,0.0,0.11422403457058637,0.11422403457058637,0.11422403457058637,0.0,0.11422403457058637,0.11422403457058637,0.11422403457058637,0.0,0.0,0.22844806914117274,0.11422403457058637,0.0,0.0,0.0,0.0,0.0,0.0,0.0,0.0,0.0,0.0,0.0,0.0,0.0
9,AAIGPGIGQGNAAGQ,0.08738644060732029,4,0,0,0,0,5,0,2,0,0,0,1,1,2,0,0,0,0,0,0,0,0,0,0,0,0,0,0,0,0,0,0.34954576242928115,0.0,0.0,0.0,0.0,0.4369322030366014,0.0,0.17477288121464057,0.0,0.0,0.0,0.08738644060732029,0.08738644060732029,0.17477288121464057,0.0,0.0,0.0,0.0,0.0,0.0,0.0,0.0,0.0,0.0,0.0,0.0,0.0,0.0,0.0,0.0,0.0
10,FGGGTIGHPDGIQA,0.5028890017598825,1,0,1,0,1,5,1,2,0,0,0,0,1,1,0,0,1,0,0,0,0,0,0,0,0,0,0,0,0,0,0,0.5028890017598825,0.0,0.5028890017598825,0.0,0.5028890017598825,2.5144450087994126,0.5028890017598825,1.005778003519765,0.0,0.0,0.0,0.0,0.5028890017598825,0.5028890017598825,0.0,0.0,0.5028890017598825,0.0,0.0,0.0,0.0,0.0,0.0,0.0,0.0,0.0,0.0,0.0,0.0,0.0,0.0
11,VIGQNEAVDAVSNAIR,0.08800557530797944,3,0,1,1,0,1,0,2,0,0,0,2,0,1,1,1,0,3,0,0,0,0,0,0,0,0,1,0,0,0,0,0.2640167259239383,0.0,0.08800557530797944,0.08800557530797944,0.0,0.08800557530797944,0.0,0.17601115061595887,0.0,0.0,0.0,0.17601115061595887,0.0,0.08800557530797944,0.08800557530797944,0.08800557530797944,0.0,0.2640167259239383,0.0,0.0,0.0,0.0,0.0,0.0,0.0,0.0,0.08800557530797944,0.0,0.0,0.0,0.0
12,NPVLIGEPGVGK,0.48204058837033964,0,0,0,1,0,3,0,1,1,1,0,1,2,0,0,0,0,2,0,0,0,0,0,0,0,0,0,0,0,0,0,0.0,0.0,0.0,0.48204058837033964,0.0,1.446121765111019,0.0,0.48204058837033964,0.48204058837033964,0.48204058837033964,0.0,0.48204058837033964,0.9640811767406793,0.0,0.0,0.0,0.0,0.9640811767406793,0.0,0.0,0.0,0.0,0.0,0.0,0.0,0.0,0.0,0.0,0.0,0.0,0.0
13,VTDAEIAEVLAR,8.741592321211359,3,0,1,2,0,0,0,1,0,1,0,0,0,0,1,0,1,2,0,0,0,0,0,0,0,0,0,0,0,0,0,26.224776963634078,0.0,8.741592321211359,17.483184642422717,0.0,0.0,0.0,8.741592321211359,0.0,8.741592321211359,0.0,0.0,0.0,0.0,8.741592321211359,0.0,8.741592321211359,17.483184642422717,0.0,0.0,0.0,0.0,0.0,0.0,0.0,0.0,0.0,0.0,0.0,0.0,0.0
14,FSEEQRPGTPQ,0.015293431177320868,0,0,0,2,1,1,0,0,0,0,0,0,2,2,1,1,1,0,0,0,0,0,0,0,0,0,0,0,0,0,0,0.0,0.0,0.0,0.030586862354641736,0.015293431177320868,0.015293431177320868,0.0,0.0,0.0,0.0,0.0,0.0,0.030586862354641736,0.030586862354641736,0.015293431177320868,0.015293431177320868,0.015293431177320868,0.0,0.0,0.0,0.0,0.0,0.0,0.0,0.0,0.0,0.0,0.0,0.0,0.0,0.0
15,RITPQPGVDPVEA,0.9702044869669786,1,0,1,1,0,1,0,1,0,0,0,0,3,1,1,0,1,2,0,0,0,0,0,1,0,0,0,0,0,0,0,0.9702044869669786,0.0,0.9702044869669786,0.9702044869669786,0.0,0.9702044869669786,0.0,0.9702044869669786,0.0,0.0,0.0,0.0,2.9106134609009358,0.9702044869669786,0.9702044869669786,0.0,0.9702044869669786,1.9404089739339572,0.0,0.0,0.0,0.0,0.0,0.9702044869669786,0.0,0.0,0.0,0.0,0.0,0.0,0.0
16,AIDLIDEAASSIR,13.226350088806496,3,0,2,1,0,0,0,3,0,1,0,0,0,0,1,2,0,0,0,0,0,0,0,0,0,0,0,0,0,0,0,39.67905026641949,0.0,26.452700177612993,13.226350088806496,0.0,0.0,0.0,39.67905026641949,0.0,13.226350088806496,0.0,0.0,0.0,0.0,13.226350088806496,26.452700177612993,0.0,0.0,0.0,0.0,0.0,0.0,0.0,0.0,0.0,0.0,0.0,0.0,0.0,0.0,0.0
17,RITPQPGVDPVE,0.5498505793949133,0,0,1,1,0,1,0,1,0,0,0,0,3,1,1,0,1,2,0,0,0,0,0,1,0,0,0,0,0,0,0,0.0,0.0,0.5498505793949133,0.5498505793949133,0.0,0.5498505793949133,0.0,0.5498505793949133,0.0,0.0,0.0,0.0,1.64955173818474,0.5498505793949133,0.5498505793949133,0.0,0.5498505793949133,1.0997011587898267,0.0,0.0,0.0,0.0,0.0,0.5498505793949133,0.0,0.0,0.0,0.0,0.0,0.0,0.0
18,ATGEVKGSY,0.05994796307969565,1,0,0,1,0,2,0,0,1,0,0,0,0,0,0,1,1,1,0,1,0,0,0,0,0,0,0,0,0,0,0,0.05994796307969565,0.0,0.0,0.05994796307969565,0.0,0.1198959261593913,0.0,0.0,0.05994796307969565,0.0,0.0,0.0,0.0,0.0,0.0,0.05994796307969565,0.05994796307969565,0.05994796307969565,0.0,0.05994796307969565,0.0,0.0,0.0,0.0,0.0,0.0,0.0,0.0,0.0,0.0,0.0
19,AIGPGIGQGNAAGQ,0.03777985214226253,3,0,0,0,0,5,0,2,0,0,0,1,1,2,0,0,0,0,0,0,0,0,0,0,0,0,0,0,0,0,0,0.11333955642678759,0.0,0.0,0.0,0.0,0.18889926071131266,0.0,0.07555970428452506,0.0,0.0,0.0,0.03777985214226253,0.03777985214226253,0.07555970428452506,0.0,0.0,0.0,0.0,0.0,0.0,0.0,0.0,0.0,0.0,0.0,0.0,0.0,0.0,0.0,0.0,0.0
20,QELEDLTKGL,0.2264264048124898,0,0,1,2,0,1,0,0,1,3,0,0,0,1,0,0,1,0,0,0,0,0,0,0,0,0,0,0,0,1,0,0.0,0.0,0.2264264048124898,0.4528528096249796,0.0,0.2264264048124898,0.0,0.0,0.2264264048124898,0.6792792144374694,0.0,0.0,0.0,0.2264264048124898,0.0,0.0,0.2264264048124898,0.0,0.0,0.0,0.0,0.0,0.0,0.0,0.0,0.0,0.0,0.0,0.0,0.2264264048124898,0.0
21,DKFDEETK,0.24544268490416377,0,0,2,2,1,0,0,0,2,0,0,0,0,0,0,0,1,0,0,0,0,0,0,0,0,0,0,0,0,0,0,0.0,0.0,0.49088536980832753,0.49088536980832753,0.24544268490416377,0.0,0.0,0.0,0.49088536980832753,0.0,0.0,0.0,0.0,0.0,0.0,0.0,0.24544268490416377,0.0,0.0,0.0,0.0,0.0,0.0,0.0,0.0,0.0,0.0,0.0,0.0,0.0,0.0
22,NGESRPGTLPGWEGP,0.00847919713855105,0,0,0,2,0,4,0,0,0,1,0,1,3,0,1,1,1,0,1,0,0,0,0,0,0,0,0,0,0,0,0,0.0,0.0,0.0,0.0169583942771021,0.0,0.0339167885542042,0.0,0.0,0.0,0.00847919713855105,0.0,0.00847919713855105,0.02543759141565315,0.0,0.00847919713855105,0.00847919713855105,0.00847919713855105,0.0,0.00847919713855105,0.0,0.0,0.0,0.0,0.0,0.0,0.0,0.0,0.0,0.0,0.0,0.0
23,FGGGTIGHPD,4.139357712978329,0,0,1,0,1,4,1,1,0,0,0,0,1,0,0,0,1,0,0,0,0,0,0,0,0,0,0,0,0,0,0,0.0,0.0,4.139357712978329,0.0,4.139357712978329,16.557430851913317,4.139357712978329,4.139357712978329,0.0,0.0,0.0,0.0,4.139357712978329,0.0,0.0,0.0,4.139357712978329,0.0,0.0,0.0,0.0,0.0,0.0,0.0,0.0,0.0,0.0,0.0,0.0,0.0,0.0
24,QGPDNTPHK,0.2397918523187826,0,0,1,0,0,1,1,0,1,0,0,1,2,1,0,0,1,0,0,0,0,0,0,0,0,0,0,0,0,1,0,0.0,0.0,0.2397918523187826,0.0,0.0,0.2397918523187826,0.2397918523187826,0.0,0.2397918523187826,0.0,0.0,0.2397918523187826,0.4795837046375652,0.2397918523187826,0.0,0.0,0.2397918523187826,0.0,0.0,0.0,0.0,0.0,0.0,0.0,0.0,0.0,0.0,0.0,0.0,0.2397918523187826,0.0
25,FDIKDPAT,9.287020509887277,1,0,2,0,1,0,0,1,1,0,0,0,1,0,0,0,1,0,0,0,0,0,0,0,0,0,0,0,0,0,0,9.287020509887277,0.0,18.574041019774555,0.0,9.287020509887277,0.0,0.0,9.287020509887277,9.287020509887277,0.0,0.0,0.0,9.287020509887277,0.0,0.0,0.0,9.287020509887277,0.0,0.0,0.0,0.0,0.0,0.0,0.0,0.0,0.0,0.0,0.0,0.0,0.0,0.0
26,RITPQPGVDPVEAA,0.261552822523356,2,0,1,1,0,1,0,1,0,0,0,0,3,1,1,0,1,2,0,0,0,0,0,0,1,0,0,0,0,0,0,0.523105645046712,0.0,0.261552822523356,0.261552822523356,0.0,0.261552822523356,0.0,0.261552822523356,0.0,0.0,0.0,0.0,0.784658467570068,0.261552822523356,0.261552822523356,0.0,0.261552822523356,0.523105645046712,0.0,0.0,0.0,0.0,0.0,0.0,0.261552822523356,0.0,0.0,0.0,0.0,0.0,0.0
27,RITPQPGVDPVEAA,0.261552822523356,2,0,1,1,0,1,0,1,0,0,0,0,3,1,1,0,1,2,0,0,0,0,0,1,0,0,0,0,0,0,0,0.523105645046712,0.0,0.261552822523356,0.261552822523356,0.0,0.261552822523356,0.0,0.261552822523356,0.0,0.0,0.0,0.0,0.784658467570068,0.261552822523356,0.261552822523356,0.0,0.261552822523356,0.523105645046712,0.0,0.0,0.0,0.0,0.0,0.261552822523356,0.0,0.0,0.0,0.0,0.0,0.0,0.0
28,FGGGTIGHPDG,6.754196734463474,0,0,1,0,1,5,1,1,0,0,0,0,1,0,0,0,1,0,0,0,0,0,0,0,0,0,0,0,0,0,0,0.0,0.0,6.754196734463474,0.0,6.754196734463474,33.77098367231737,6.754196734463474,6.754196734463474,0.0,0.0,0.0,0.0,6.754196734463474,0.0,0.0,0.0,6.754196734463474,0.0,0.0,0.0,0.0,0.0,0.0,0.0,0.0,0.0,0.0,0.0,0.0,0.0,0.0
29,NNPVLIGEPGVGK,14.968091664287188,0,0,0,1,0,3,0,1,1,1,0,2,2,0,0,0,0,2,0,0,0,0,0,0,0,0,0,0,0,0,0,0.0,0.0,0.0,14.968091664287188,0.0,44.904274992861566,0.0,14.968091664287188,14.968091664287188,14.968091664287188,0.0,29.936183328574376,29.936183328574376,0.0,0.0,0.0,0.0,29.936183328574376,0.0,0.0,0.0,0.0,0.0,0.0,0.0,0.0,0.0,0.0,0.0,0.0,0.0
30,GYDPDLPIIGH,22.513989114878246,0,0,2,0,0,2,1,2,0,1,0,0,2,0,0,0,0,0,0,1,0,0,0,0,0,0,0,0,0,0,0,0.0,0.0,45.02797822975649,0.0,0.0,45.02797822975649,22.513989114878246,45.02797822975649,0.0,22.513989114878246,0.0,0.0,45.02797822975649,0.0,0.0,0.0,0.0,0.0,0.0,22.513989114878246,0.0,0.0,0.0,0.0,0.0,0.0,0.0,0.0,0.0,0.0,0.0
31,GLPLFDIKDPAT,0.04437132021390588,1,0,2,0,1,1,0,1,1,2,0,0,2,0,0,0,1,0,0,0,0,0,0,0,0,0,0,0,0,0,0,0.04437132021390588,0.0,0.08874264042781176,0.0,0.04437132021390588,0.04437132021390588,0.0,0.04437132021390588,0.04437132021390588,0.08874264042781176,0.0,0.0,0.08874264042781176,0.0,0.0,0.0,0.04437132021390588,0.0,0.0,0.0,0.0,0.0,0.0,0.0,0.0,0.0,0.0,0.0,0.0,0.0,0.0
32,GVHLPGNIDYAGN,0.0840934604411771,1,0,1,0,0,3,1,1,0,1,0,2,1,0,0,0,0,1,0,1,0,0,0,0,0,0,0,0,0,0,0,0.0840934604411771,0.0,0.0840934604411771,0.0,0.0,0.2522803813235313,0.0840934604411771,0.0840934604411771,0.0,0.0840934604411771,0.0,0.1681869208823542,0.0840934604411771,0.0,0.0,0.0,0.0,0.0840934604411771,0.0,0.0840934604411771,0.0,0.0,0.0,0.0,0.0,0.0,0.0,0.0,0.0,0.0,0.0
33,SEEQRPGTPQ,0.07341168593529943,0,0,0,2,0,1,0,0,0,0,0,0,2,2,1,1,1,0,0,0,0,0,0,0,0,0,0,0,0,0,0,0.0,0.0,0.0,0.14682337187059885,0.0,0.07341168593529943,0.0,0.0,0.0,0.0,0.0,0.0,0.14682337187059885,0.14682337187059885,0.07341168593529943,0.07341168593529943,0.07341168593529943,0.0,0.0,0.0,0.0,0.0,0.0,0.0,0.0,0.0,0.0,0.0,0.0,0.0,0.0
34,DFRNGAL,0.09805071994112281,1,0,1,0,1,1,0,0,0,1,0,1,0,0,1,0,0,0,0,0,0,0,0,0,0,0,0,0,0,0,0,0.09805071994112281,0.0,0.09805071994112281,0.0,0.09805071994112281,0.09805071994112281,0.0,0.0,0.0,0.09805071994112281,0.0,0.09805071994112281,0.0,0.0,0.09805071994112281,0.0,0.0,0.0,0.0,0.0,0.0,0.0,0.0,0.0,0.0,0.0,0.0,0.0,0.0,0.0,0.0
35,GLMVHEQL,0.17158875989696493,0,0,0,1,0,1,1,0,0,2,1,0,0,1,0,0,0,1,0,0,0,0,0,0,0,0,0,0,0,0,0,0.0,0.0,0.0,0.17158875989696493,0.0,0.17158875989696493,0.17158875989696493,0.0,0.0,0.34317751979392985,0.17158875989696493,0.0,0.0,0.17158875989696493,0.0,0.0,0.0,0.17158875989696493,0.0,0.0,0.0,0.0,0.0,0.0,0.0,0.0,0.0,0.0,0.0,0.0,0.0
36,LAAIGPGIGQGN,0.016952497756143443,2,0,0,0,0,4,0,2,0,1,0,1,1,1,0,0,0,0,0,0,0,0,0,0,0,0,0,0,0,0,0,0.03390499551228689,0.0,0.0,0.0,0.0,0.06780999102457377,0.0,0.03390499551228689,0.0,0.016952497756143443,0.0,0.016952497756143443,0.016952497756143443,0.016952497756143443,0.0,0.0,0.0,0.0,0.0,0.0,0.0,0.0,0.0,0.0,0.0,0.0,0.0,0.0,0.0,0.0,0.0
37,EHWEFPDPNQE,0.09134247012322032,0,0,1,3,1,0,1,0,0,0,0,1,2,1,0,0,0,0,1,0,0,0,0,0,0,0,0,0,0,0,0,0.0,0.0,0.09134247012322032,0.27402741036966094,0.09134247012322032,0.0,0.09134247012322032,0.0,0.0,0.0,0.0,0.09134247012322032,0.18268494024644064,0.09134247012322032,0.0,0.0,0.0,0.0,0.09134247012322032,0.0,0.0,0.0,0.0,0.0,0.0,0.0,0.0,0.0,0.0,0.0,0.0
38,ELGAQPPLGF,0.08720954497856052,1,0,0,1,1,2,0,0,0,2,0,0,2,1,0,0,0,0,0,0,0,0,0,0,0,0,0,0,0,0,0,0.08720954497856052,0.0,0.0,0.08720954497856052,0.08720954497856052,0.17441908995712105,0.0,0.0,0.0,0.17441908995712105,0.0,0.0,0.17441908995712105,0.08720954497856052,0.0,0.0,0.0,0.0,0.0,0.0,0.0,0.0,0.0,0.0,0.0,0.0,0.0,0.0,0.0,0.0,0.0
39,VTEEPIEYHPL,0.2042340441135384,0,0,0,3,0,0,1,1,0,1,0,0,2,0,0,0,1,1,0,1,0,0,0,0,0,0,0,0,0,0,0,0.0,0.0,0.0,0.6127021323406152,0.0,0.0,0.2042340441135384,0.2042340441135384,0.0,0.2042340441135384,0.0,0.0,0.4084680882270768,0.0,0.0,0.0,0.2042340441135384,0.2042340441135384,0.0,0.2042340441135384,0.0,0.0,0.0,0.0,0.0,0.0,0.0,0.0,0.0,0.0,0.0
40,LGYDPDLPIIGH,0.44223907189939415,0,0,2,0,0,2,1,2,0,2,0,0,2,0,0,0,0,0,0,1,0,0,0,0,0,0,0,0,0,0,0,0.0,0.0,0.8844781437987883,0.0,0.0,0.8844781437987883,0.44223907189939415,0.8844781437987883,0.0,0.8844781437987883,0.0,0.0,0.8844781437987883,0.0,0.0,0.0,0.0,0.0,0.0,0.44223907189939415,0.0,0.0,0.0,0.0,0.0,0.0,0.0,0.0,0.0,0.0,0.0
41,LGGELPIVGQM,0.0691501094242689,0,0,0,1,0,3,0,1,0,2,1,0,1,1,0,0,0,1,0,0,0,0,0,0,0,0,0,0,0,0,0,0.0,0.0,0.0,0.0691501094242689,0.0,0.20745032827280668,0.0,0.0691501094242689,0.0,0.1383002188485378,0.0691501094242689,0.0,0.0691501094242689,0.0691501094242689,0.0,0.0,0.0,0.0691501094242689,0.0,0.0,0.0,0.0,0.0,0.0,0.0,0.0,0.0,0.0,0.0,0.0,0.0
42,ITPQPGVDPVEA,0.4127564671061012,1,0,1,1,0,1,0,1,0,0,0,0,3,1,0,0,1,2,0,0,0,0,0,1,0,0,0,0,0,0,0,0.4127564671061012,0.0,0.4127564671061012,0.4127564671061012,0.0,0.4127564671061012,0.0,0.4127564671061012,0.0,0.0,0.0,0.0,1.2382694013183035,0.4127564671061012,0.0,0.0,0.4127564671061012,0.8255129342122024,0.0,0.0,0.0,0.0,0.0,0.4127564671061012,0.0,0.0,0.0,0.0,0.0,0.0,0.0
43,SGPDAIPGAGL,0.08265850289319586,2,0,1,0,0,3,0,1,0,1,0,0,2,0,0,1,0,0,0,0,0,0,0,0,0,0,0,0,0,0,0,0.16531700578639172,0.0,0.08265850289319586,0.0,0.0,0.24797550867958756,0.0,0.08265850289319586,0.0,0.08265850289319586,0.0,0.0,0.16531700578639172,0.0,0.0,0.08265850289319586,0.0,0.0,0.0,0.0,0.0,0.0,0.0,0.0,0.0,0.0,0.0,0.0,0.0,0.0,0.0
44,FRITPQPGVDPVEAA,0.07830579833098605,2,0,1,1,1,1,0,1,0,0,0,0,3,1,1,0,1,2,0,0,0,0,0,1,0,0,0,0,0,0,0,0.1566115966619721,0.0,0.07830579833098605,0.07830579833098605,0.07830579833098605,0.07830579833098605,0.0,0.07830579833098605,0.0,0.0,0.0,0.0,0.23491739499295816,0.07830579833098605,0.07830579833098605,0.0,0.07830579833098605,0.1566115966619721,0.0,0.0,0.0,0.0,0.0,0.07830579833098605,0.0,0.0,0.0,0.0,0.0,0.0,0.0
45,NGESRPGTLPGWEGPG,0.0339418487682785,0,0,0,2,0,5,0,0,0,1,0,1,3,0,1,1,1,0,1,0,0,0,0,0,0,0,0,0,0,0,0,0.0,0.0,0.0,0.067883697536557,0.0,0.1697092438413925,0.0,0.0,0.0,0.0339418487682785,0.0,0.0339418487682785,0.10182554630483551,0.0,0.0339418487682785,0.0339418487682785,0.0339418487682785,0.0,0.0339418487682785,0.0,0.0,0.0,0.0,0.0,0.0,0.0,0.0,0.0,0.0,0.0,0.0
46,LGGELPIVGPM,0.06995418046408598,0,0,0,1,0,3,0,1,0,2,1,0,2,0,0,0,0,1,0,0,0,0,0,0,0,0,0,0,0,0,0,0.0,0.0,0.0,0.06995418046408598,0.0,0.20986254139225796,0.0,0.06995418046408598,0.0,0.13990836092817197,0.06995418046408598,0.0,0.13990836092817197,0.0,0.0,0.0,0.0,0.06995418046408598,0.0,0.0,0.0,0.0,0.0,0.0,0.0,0.0,0.0,0.0,0.0,0.0,0.0
47,LFDIKDPAT,0.4559976208029309,1,0,2,0,1,0,0,1,1,1,0,0,1,0,0,0,1,0,0,0,0,0,0,0,0,0,0,0,0,0,0,0.4559976208029309,0.0,0.9119952416058618,0.0,0.4559976208029309,0.0,0.0,0.4559976208029309,0.4559976208029309,0.4559976208029309,0.0,0.0,0.4559976208029309,0.0,0.0,0.0,0.4559976208029309,0.0,0.0,0.0,0.0,0.0,0.0,0.0,0.0,0.0,0.0,0.0,0.0,0.0,0.0
48,YDPDLPIIGH,3.0602943775438076,0,0,2,0,0,1,1,2,0,1,0,0,2,0,0,0,0,0,0,1,0,0,0,0,0,0,0,0,0,0,0,0.0,0.0,6.120588755087615,0.0,0.0,3.0602943775438076,3.0602943775438076,6.120588755087615,0.0,3.0602943775438076,0.0,0.0,6.120588755087615,0.0,0.0,0.0,0.0,0.0,0.0,3.0602943775438076,0.0,0.0,0.0,0.0,0.0,0.0,0.0,0.0,0.0,0.0,0.0
49,HAVETEPNK,0.0026337793615341695,1,0,0,2,0,0,1,0,1,0,0,1,1,0,0,0,1,1,0,0,0,0,0,0,0,0,0,0,0,0,0,0.0026337793615341695,0.0,0.0,0.005267558723068339,0.0,0.0,0.0026337793615341695,0.0,0.0026337793615341695,0.0,0.0,0.0026337793615341695,0.0026337793615341695,0.0,0.0,0.0,0.0026337793615341695,0.0026337793615341695,0.0,0.0,0.0,0.0,0.0,0.0,0.0,0.0,0.0,0.0,0.0,0.0,0.0
50,DEKVNPGDIIY,0.13460149206537922,0,0,2,1,0,1,0,2,1,0,0,1,1,0,0,0,0,1,0,1,0,0,0,0,0,0,0,0,0,0,0,0.0,0.0,0.26920298413075844,0.13460149206537922,0.0,0.13460149206537922,0.0,0.26920298413075844,0.13460149206537922,0.0,0.0,0.13460149206537922,0.13460149206537922,0.0,0.0,0.0,0.0,0.13460149206537922,0.0,0.13460149206537922,0.0,0.0,0.0,0.0,0.0,0.0,0.0,0.0,0.0,0.0,0.0
51,GRVGGGIYT,0.04579631277891504,0,0,0,0,0,4,0,1,0,0,0,0,0,0,1,0,1,1,0,1,0,0,0,0,0,0,0,0,0,0,0,0.0,0.0,0.0,0.0,0.0,0.18318525111566017,0.0,0.04579631277891504,0.0,0.0,0.0,0.0,0.0,0.0,0.04579631277891504,0.0,0.04579631277891504,0.04579631277891504,0.0,0.04579631277891504,0.0,0.0,0.0,0.0,0.0,0.0,0.0,0.0,0.0,0.0,0.0
52,TLRPGDVIG,0.14937853095268425,0,0,1,0,0,2,0,1,0,1,0,0,1,0,1,0,1,1,0,0,0,0,0,0,0,0,0,0,0,0,0,0.0,0.0,0.14937853095268425,0.0,0.0,0.2987570619053685,0.0,0.14937853095268425,0.0,0.14937853095268425,0.0,0.0,0.14937853095268425,0.0,0.14937853095268425,0.0,0.14937853095268425,0.14937853095268425,0.0,0.0,0.0,0.0,0.0,0.0,0.0,0.0,0.0,0.0,0.0,0.0,0.0
53,GLKPSDPEEF,2.0519892936131887,0,0,1,2,1,1,0,0,1,1,0,0,2,0,0,1,0,0,0,0,0,0,0,0,0,0,0,0,0,0,0,0.0,0.0,2.0519892936131887,4.103978587226377,2.0519892936131887,2.0519892936131887,0.0,0.0,2.0519892936131887,2.0519892936131887,0.0,0.0,4.103978587226377,0.0,0.0,2.0519892936131887,0.0,0.0,0.0,0.0,0.0,0.0,0.0,0.0,0.0,0.0,0.0,0.0,0.0,0.0,0.0
54,AGVHLPGNI,0.10397531957101312,1,0,0,0,0,2,1,1,0,1,0,1,1,0,0,0,0,1,0,0,0,0,0,0,0,0,0,0,0,0,0,0.10397531957101312,0.0,0.0,0.0,0.0,0.20795063914202624,0.10397531957101312,0.10397531957101312,0.0,0.10397531957101312,0.0,0.10397531957101312,0.10397531957101312,0.0,0.0,0.0,0.0,0.10397531957101312,0.0,0.0,0.0,0.0,0.0,0.0,0.0,0.0,0.0,0.0,0.0,0.0,0.0
55,ITPQPGVDPVE,0.1881526233171968,0,0,1,1,0,1,0,1,0,0,0,0,3,1,0,0,1,2,0,0,0,0,0,1,0,0,0,0,0,0,0,0.0,0.0,0.1881526233171968,0.1881526233171968,0.0,0.1881526233171968,0.0,0.1881526233171968,0.0,0.0,0.0,0.0,0.5644578699515903,0.1881526233171968,0.0,0.0,0.1881526233171968,0.3763052466343936,0.0,0.0,0.0,0.0,0.0,0.1881526233171968,0.0,0.0,0.0,0.0,0.0,0.0,0.0
56,FGGGTIGHP,1.1006839122829366,0,0,0,0,1,4,1,1,0,0,0,0,1,0,0,0,1,0,0,0,0,0,0,0,0,0,0,0,0,0,0,0.0,0.0,0.0,0.0,1.1006839122829366,4.402735649131746,1.1006839122829366,1.1006839122829366,0.0,0.0,0.0,0.0,1.1006839122829366,0.0,0.0,0.0,1.1006839122829366,0.0,0.0,0.0,0.0,0.0,0.0,0.0,0.0,0.0,0.0,0.0,0.0,0.0,0.0
57,VGDFRNGAL,0.10515462376274483,1,0,1,0,1,2,0,0,0,1,0,1,0,0,1,0,0,1,0,0,0,0,0,0,0,0,0,0,0,0,0,0.10515462376274483,0.0,0.10515462376274483,0.0,0.10515462376274483,0.21030924752548966,0.0,0.0,0.0,0.10515462376274483,0.0,0.10515462376274483,0.0,0.0,0.10515462376274483,0.0,0.0,0.10515462376274483,0.0,0.0,0.0,0.0,0.0,0.0,0.0,0.0,0.0,0.0,0.0,0.0,0.0
58,GGDGPEAPSEEKN,0.054565497794356016,1,0,1,3,0,3,0,0,1,0,0,1,2,0,0,1,0,0,0,0,0,0,0,0,0,0,0,1,0,0,0,0.054565497794356016,0.0,0.054565497794356016,0.16369649338306805,0.0,0.16369649338306805,0.0,0.0,0.054565497794356016,0.0,0.0,0.054565497794356016,0.10913099558871203,0.0,0.0,0.054565497794356016,0.0,0.0,0.0,0.0,0.0,0.0,0.0,0.0,0.0,0.0,0.0,0.054565497794356016,0.0,0.0,0.0
59,VIGTPRGPNT,0.1365634254025329,0,0,0,0,0,2,0,1,0,0,0,1,2,0,1,0,2,1,0,0,0,0,0,0,0,0,0,0,0,0,0,0.0,0.0,0.0,0.0,0.0,0.2731268508050658,0.0,0.1365634254025329,0.0,0.0,0.0,0.1365634254025329,0.2731268508050658,0.0,0.1365634254025329,0.0,0.2731268508050658,0.1365634254025329,0.0,0.0,0.0,0.0,0.0,0.0,0.0,0.0,0.0,0.0,0.0,0.0,0.0
60,VTEEPIEYHP,1.0949839420229,0,0,0,3,0,0,1,1,0,0,0,0,2,0,0,0,1,1,0,1,0,0,0,0,0,0,0,0,0,0,0,0.0,0.0,0.0,3.2849518260687,0.0,0.0,1.0949839420229,1.0949839420229,0.0,0.0,0.0,0.0,2.1899678840458,0.0,0.0,0.0,1.0949839420229,1.0949839420229,0.0,1.0949839420229,0.0,0.0,0.0,0.0,0.0,0.0,0.0,0.0,0.0,0.0,0.0
61,AIGPGIGQGN,0.35202230123191774,1,0,0,0,0,4,0,2,0,0,0,1,1,1,0,0,0,0,0,0,0,0,0,0,0,0,0,0,0,0,0,0.35202230123191774,0.0,0.0,0.0,0.0,1.408089204927671,0.0,0.7040446024638355,0.0,0.0,0.0,0.35202230123191774,0.35202230123191774,0.35202230123191774,0.0,0.0,0.0,0.0,0.0,0.0,0.0,0.0,0.0,0.0,0.0,0.0,0.0,0.0,0.0,0.0,0.0
62,SNGRPIEA,0.453295048696879,1,0,0,1,0,1,0,1,0,0,0,1,1,0,1,1,0,0,0,0,0,0,0,0,0,0,0,0,0,0,0,0.453295048696879,0.0,0.0,0.453295048696879,0.0,0.453295048696879,0.0,0.453295048696879,0.0,0.0,0.0,0.453295048696879,0.453295048696879,0.0,0.453295048696879,0.453295048696879,0.0,0.0,0.0,0.0,0.0,0.0,0.0,0.0,0.0,0.0,0.0,0.0,0.0,0.0,0.0
63,AGVHLPGNIDYA,0.2889295269742709,2,0,1,0,0,2,1,1,0,1,0,1,1,0,0,0,0,1,0,1,0,0,0,0,0,0,0,0,0,0,0,0.5778590539485418,0.0,0.2889295269742709,0.0,0.0,0.5778590539485418,0.2889295269742709,0.2889295269742709,0.0,0.2889295269742709,0.0,0.2889295269742709,0.2889295269742709,0.0,0.0,0.0,0.0,0.2889295269742709,0.0,0.2889295269742709,0.0,0.0,0.0,0.0,0.0,0.0,0.0,0.0,0.0,0.0,0.0
64,SFLPDLTDQ,0.09355813254404961,0,0,2,0,1,0,0,0,0,2,0,0,1,1,0,1,1,0,0,0,0,0,0,0,0,0,0,0,0,0,0,0.0,0.0,0.18711626508809923,0.0,0.09355813254404961,0.0,0.0,0.0,0.0,0.18711626508809923,0.0,0.0,0.09355813254404961,0.09355813254404961,0.0,0.09355813254404961,0.09355813254404961,0.0,0.0,0.0,0.0,0.0,0.0,0.0,0.0,0.0,0.0,0.0,0.0,0.0,0.0
65,AAIGPGIGQGNA,0.04496097230977174,3,0,0,0,0,4,0,2,0,0,0,1,1,1,0,0,0,0,0,0,0,0,0,0,0,0,0,0,0,0,0,0.1348829169293152,0.0,0.0,0.0,0.0,0.17984388923908695,0.0,0.08992194461954348,0.0,0.0,0.0,0.04496097230977174,0.04496097230977174,0.04496097230977174,0.0,0.0,0.0,0.0,0.0,0.0,0.0,0.0,0.0,0.0,0.0,0.0,0.0,0.0,0.0,0.0,0.0
66,NNPVLIGEPGVGK,0.07837837089663108,0,0,0,1,0,3,0,1,1,1,0,2,2,0,0,0,0,2,0,0,0,0,0,0,0,0,1,0,0,0,0,0.0,0.0,0.0,0.07837837089663108,0.0,0.23513511268989323,0.0,0.07837837089663108,0.07837837089663108,0.07837837089663108,0.0,0.15675674179326216,0.15675674179326216,0.0,0.0,0.0,0.0,0.15675674179326216,0.0,0.0,0.0,0.0,0.0,0.0,0.0,0.0,0.07837837089663108,0.0,0.0,0.0,0.0
67,AEQDKERYT,0.04127564671061012,1,0,1,2,0,0,0,0,1,0,0,0,0,1,1,0,1,0,0,1,0,0,0,0,0,0,0,0,0,0,0,0.04127564671061012,0.0,0.04127564671061012,0.08255129342122024,0.0,0.0,0.0,0.0,0.04127564671061012,0.0,0.0,0.0,0.0,0.04127564671061012,0.04127564671061012,0.0,0.04127564671061012,0.0,0.0,0.04127564671061012,0.0,0.0,0.0,0.0,0.0,0.0,0.0,0.0,0.0,0.0,0.0
68,TGEVKGSY,0.6500914356921094,0,0,0,1,0,2,0,0,1,0,0,0,0,0,0,1,1,1,0,1,0,0,0,0,0,0,0,0,0,0,0,0.0,0.0,0.0,0.6500914356921094,0.0,1.3001828713842187,0.0,0.0,0.6500914356921094,0.0,0.0,0.0,0.0,0.0,0.0,0.6500914356921094,0.6500914356921094,0.6500914356921094,0.0,0.6500914356921094,0.0,0.0,0.0,0.0,0.0,0.0,0.0,0.0,0.0,0.0,0.0
69,NGESRPGTLP,0.8031061545692998,0,0,0,1,0,2,0,0,0,1,0,1,2,0,1,1,1,0,0,0,0,0,0,0,0,0,0,0,0,0,0,0.0,0.0,0.0,0.8031061545692998,0.0,1.6062123091385996,0.0,0.0,0.0,0.8031061545692998,0.0,0.8031061545692998,1.6062123091385996,0.0,0.8031061545692998,0.8031061545692998,0.8031061545692998,0.0,0.0,0.0,0.0,0.0,0.0,0.0,0.0,0.0,0.0,0.0,0.0,0.0,0.0
70,QFGGGTIGHPDGIQ,0.0031714859156213695,0,0,1,0,1,5,1,2,0,0,0,0,1,2,0,0,1,0,0,0,0,0,0,0,0,0,0,0,0,1,0,0.0,0.0,0.0031714859156213695,0.0,0.0031714859156213695,0.015857429578106846,0.0031714859156213695,0.006342971831242739,0.0,0.0,0.0,0.0,0.0031714859156213695,0.006342971831242739,0.0,0.0,0.0031714859156213695,0.0,0.0,0.0,0.0,0.0,0.0,0.0,0.0,0.0,0.0,0.0,0.0,0.0031714859156213695,0.0
71,FNGESRPGTLP,0.8442745918079343,0,0,0,1,1,2,0,0,0,1,0,1,2,0,1,1,1,0,0,0,0,0,0,0,0,0,0,0,0,0,0,0.0,0.0,0.0,0.8442745918079343,0.8442745918079343,1.6885491836158686,0.0,0.0,0.0,0.8442745918079343,0.0,0.8442745918079343,1.6885491836158686,0.0,0.8442745918079343,0.8442745918079343,0.8442745918079343,0.0,0.0,0.0,0.0,0.0,0.0,0.0,0.0,0.0,0.0,0.0,0.0,0.0,0.0
72,LMVHEQL,0.30072256889158805,0,0,0,1,0,0,1,0,0,2,1,0,0,1,0,0,0,1,0,0,0,0,0,0,0,0,0,0,0,0,0,0.0,0.0,0.0,0.30072256889158805,0.0,0.0,0.30072256889158805,0.0,0.0,0.6014451377831761,0.30072256889158805,0.0,0.0,0.30072256889158805,0.0,0.0,0.0,0.30072256889158805,0.0,0.0,0.0,0.0,0.0,0.0,0.0,0.0,0.0,0.0,0.0,0.0,0.0
73,ITPQPGVDPVEAA,0.14695944543118328,2,0,1,1,0,1,0,1,0,0,0,0,3,1,0,0,1,2,0,0,0,0,0,1,0,0,0,0,0,0,0,0.29391889086236656,0.0,0.14695944543118328,0.14695944543118328,0.0,0.14695944543118328,0.0,0.14695944543118328,0.0,0.0,0.0,0.0,0.44087833629354983,0.14695944543118328,0.0,0.0,0.14695944543118328,0.29391889086236656,0.0,0.0,0.0,0.0,0.0,0.14695944543118328,0.0,0.0,0.0,0.0,0.0,0.0,0.0
74,SGGSTGERPF,0.2494228365512583,0,0,0,1,1,3,0,0,0,0,0,0,1,0,1,2,1,0,0,0,0,0,0,0,0,0,0,0,0,0,0,0.0,0.0,0.0,0.2494228365512583,0.2494228365512583,0.7482685096537749,0.0,0.0,0.0,0.0,0.0,0.0,0.2494228365512583,0.0,0.2494228365512583,0.4988456731025166,0.2494228365512583,0.0,0.0,0.0,0.0,0.0,0.0,0.0,0.0,0.0,0.0,0.0,0.0,0.0,0.0
75,AAIGPGIGQGNAA,0.44768201432277127,4,0,0,0,0,4,0,2,0,0,0,1,1,1,0,0,0,0,0,0,0,0,0,0,0,0,0,0,0,0,0,1.790728057291085,0.0,0.0,0.0,0.0,1.790728057291085,0.0,0.8953640286455425,0.0,0.0,0.0,0.44768201432277127,0.44768201432277127,0.44768201432277127,0.0,0.0,0.0,0.0,0.0,0.0,0.0,0.0,0.0,0.0,0.0,0.0,0.0,0.0,0.0,0.0,0.0
76,VVAPDPDK,0.6633586078490912,1,0,2,0,0,0,0,0,1,0,0,0,2,0,0,0,0,2,0,0,0,0,0,0,0,0,0,0,0,0,0,0.6633586078490912,0.0,1.3267172156981824,0.0,0.0,0.0,0.0,0.0,0.6633586078490912,0.0,0.0,0.0,1.3267172156981824,0.0,0.0,0.0,0.0,1.3267172156981824,0.0,0.0,0.0,0.0,0.0,0.0,0.0,0.0,0.0,0.0,0.0,0.0,0.0
77,AIQQQIENPLAQQILSGELVPGK,0.5783717949014685,2,0,0,2,0,2,0,3,1,3,0,1,2,5,0,1,0,1,0,0,0,0,0,0,0,0,0,0,0,0,0,1.156743589802937,0.0,0.0,1.156743589802937,0.0,1.156743589802937,0.0,1.7351153847044056,0.5783717949014685,1.7351153847044056,0.0,0.5783717949014685,1.156743589802937,2.8918589745073424,0.0,0.5783717949014685,0.0,0.5783717949014685,0.0,0.0,0.0,0.0,0.0,0.0,0.0,0.0,0.0,0.0,0.0,0.0,0.0
78,AQDQPHENF,0.20048171259439201,1,0,1,1,1,0,1,0,0,0,0,1,1,2,0,0,0,0,0,0,0,0,0,0,0,0,0,0,0,0,0,0.20048171259439201,0.0,0.20048171259439201,0.20048171259439201,0.20048171259439201,0.0,0.20048171259439201,0.0,0.0,0.0,0.0,0.20048171259439201,0.20048171259439201,0.40096342518878403,0.0,0.0,0.0,0.0,0.0,0.0,0.0,0.0,0.0,0.0,0.0,0.0,0.0,0.0,0.0,0.0,0.0
79,TDDPHPRNNY,0.2865709185908074,0,0,2,0,0,0,1,0,0,0,0,2,2,0,1,0,1,0,0,1,0,0,0,0,0,0,0,0,0,0,0,0.0,0.0,0.5731418371816148,0.0,0.0,0.0,0.2865709185908074,0.0,0.0,0.0,0.0,0.5731418371816148,0.5731418371816148,0.0,0.2865709185908074,0.0,0.2865709185908074,0.0,0.0,0.2865709185908074,0.0,0.0,0.0,0.0,0.0,0.0,0.0,0.0,0.0,0.0,0.0
80,LGGELPIVGQM,0.03457505471213445,0,0,0,1,0,3,0,1,0,2,1,0,1,1,0,0,0,1,0,0,0,1,0,0,0,0,0,0,0,0,0,0.0,0.0,0.0,0.03457505471213445,0.0,0.10372516413640334,0.0,0.03457505471213445,0.0,0.0691501094242689,0.03457505471213445,0.0,0.03457505471213445,0.03457505471213445,0.0,0.0,0.0,0.03457505471213445,0.0,0.0,0.0,0.03457505471213445,0.0,0.0,0.0,0.0,0.0,0.0,0.0,0.0,0.0
81,FETDPIRDPNN,0.10356434992843994,0,0,2,1,1,0,0,1,0,0,0,2,2,0,1,0,1,0,0,0,0,0,0,0,0,0,0,0,0,0,0,0.0,0.0,0.20712869985687987,0.10356434992843994,0.10356434992843994,0.0,0.0,0.10356434992843994,0.0,0.0,0.0,0.20712869985687987,0.20712869985687987,0.0,0.10356434992843994,0.0,0.10356434992843994,0.0,0.0,0.0,0.0,0.0,0.0,0.0,0.0,0.0,0.0,0.0,0.0,0.0,0.0
82,GVHLPGNIDYA,1.0871040458326926,1,0,1,0,0,2,1,1,0,1,0,1,1,0,0,0,0,1,0,1,0,0,0,0,0,0,0,0,0,0,0,1.0871040458326926,0.0,1.0871040458326926,0.0,0.0,2.174208091665385,1.0871040458326926,1.0871040458326926,0.0,1.0871040458326926,0.0,1.0871040458326926,1.0871040458326926,0.0,0.0,0.0,0.0,1.0871040458326926,0.0,1.0871040458326926,0.0,0.0,0.0,0.0,0.0,0.0,0.0,0.0,0.0,0.0,0.0
83,GYDPDLPIIGHLQ,0.21091401890586492,0,0,2,0,0,2,1,2,0,2,0,0,2,1,0,0,0,0,0,1,0,0,0,0,0,0,0,0,0,0,0,0.0,0.0,0.42182803781172984,0.0,0.0,0.42182803781172984,0.21091401890586492,0.42182803781172984,0.0,0.42182803781172984,0.0,0.0,0.42182803781172984,0.21091401890586492,0.0,0.0,0.0,0.0,0.0,0.21091401890586492,0.0,0.0,0.0,0.0,0.0,0.0,0.0,0.0,0.0,0.0,0.0
84,GGGTIGHPDG,11.586663683764126,0,0,1,0,0,5,1,1,0,0,0,0,1,0,0,0,1,0,0,0,0,0,0,0,0,0,0,0,0,0,0,0.0,0.0,11.586663683764126,0.0,0.0,57.93331841882063,11.586663683764126,11.586663683764126,0.0,0.0,0.0,0.0,11.586663683764126,0.0,0.0,0.0,11.586663683764126,0.0,0.0,0.0,0.0,0.0,0.0,0.0,0.0,0.0,0.0,0.0,0.0,0.0,0.0
85,GLKPSDPEE,3.2823966669866143,0,0,1,2,0,1,0,0,1,1,0,0,2,0,0,1,0,0,0,0,0,0,0,0,0,0,0,0,0,0,0,0.0,0.0,3.2823966669866143,6.5647933339732285,0.0,3.2823966669866143,0.0,0.0,3.2823966669866143,3.2823966669866143,0.0,0.0,6.5647933339732285,0.0,0.0,3.2823966669866143,0.0,0.0,0.0,0.0,0.0,0.0,0.0,0.0,0.0,0.0,0.0,0.0,0.0,0.0,0.0
86,HWEFPDPNQE,0.15195334510463182,0,0,1,2,1,0,1,0,0,0,0,1,2,1,0,0,0,0,1,0,0,0,0,0,0,0,0,0,0,0,0,0.0,0.0,0.15195334510463182,0.30390669020926364,0.15195334510463182,0.0,0.15195334510463182,0.0,0.0,0.0,0.0,0.15195334510463182,0.30390669020926364,0.15195334510463182,0.0,0.0,0.0,0.0,0.15195334510463182,0.0,0.0,0.0,0.0,0.0,0.0,0.0,0.0,0.0,0.0,0.0,0.0
87,SGGSTGERP,0.1291338089946231,0,0,0,1,0,3,0,0,0,0,0,0,1,0,1,2,1,0,0,0,0,0,0,0,0,0,0,0,0,0,0,0.0,0.0,0.0,0.1291338089946231,0.0,0.38740142698386926,0.0,0.0,0.0,0.0,0.0,0.0,0.1291338089946231,0.0,0.1291338089946231,0.2582676179892462,0.1291338089946231,0.0,0.0,0.0,0.0,0.0,0.0,0.0,0.0,0.0,0.0,0.0,0.0,0.0,0.0
88,AIGPGIGQGNAA,0.1931110613960688,3,0,0,0,0,4,0,2,0,0,0,1,1,1,0,0,0,0,0,0,0,0,0,0,0,0,0,0,0,0,0,0.5793331841882063,0.0,0.0,0.0,0.0,0.7724442455842752,0.0,0.3862221227921376,0.0,0.0,0.0,0.1931110613960688,0.1931110613960688,0.1931110613960688,0.0,0.0,0.0,0.0,0.0,0.0,0.0,0.0,0.0,0.0,0.0,0.0,0.0,0.0,0.0,0.0,0.0
89,GVHLPGNI,1.0038826932116247,0,0,0,0,0,2,1,1,0,1,0,1,1,0,0,0,0,1,0,0,0,0,0,0,0,0,0,0,0,0,0,0.0,0.0,0.0,0.0,0.0,2.0077653864232494,1.0038826932116247,1.0038826932116247,0.0,1.0038826932116247,0.0,1.0038826932116247,1.0038826932116247,0.0,0.0,0.0,0.0,1.0038826932116247,0.0,0.0,0.0,0.0,0.0,0.0,0.0,0.0,0.0,0.0,0.0,0.0,0.0
90,NSPGAGNVIRVT,0.02874553967346062,1,0,0,0,0,2,0,1,0,0,0,2,1,0,1,1,1,2,0,0,0,0,0,0,0,0,0,0,0,0,0,0.02874553967346062,0.0,0.0,0.0,0.0,0.05749107934692124,0.0,0.02874553967346062,0.0,0.0,0.0,0.05749107934692124,0.02874553967346062,0.0,0.02874553967346062,0.02874553967346062,0.02874553967346062,0.05749107934692124,0.0,0.0,0.0,0.0,0.0,0.0,0.0,0.0,0.0,0.0,0.0,0.0,0.0
91,GGELPIVGPM,0.08703264934980078,0,0,0,1,0,3,0,1,0,1,1,0,2,0,0,0,0,1,0,0,0,0,0,0,0,0,0,0,0,0,0,0.0,0.0,0.0,0.08703264934980078,0.0,0.26109794804940234,0.0,0.08703264934980078,0.0,0.08703264934980078,0.08703264934980078,0.0,0.17406529869960155,0.0,0.0,0.0,0.0,0.08703264934980078,0.0,0.0,0.0,0.0,0.0,0.0,0.0,0.0,0.0,0.0,0.0,0.0,0.0
92,ASEVDVVDGPN,0.019297704955609927,1,0,2,1,0,1,0,0,0,0,0,1,1,0,0,1,0,3,0,0,0,0,0,0,0,0,0,0,0,0,0,0.019297704955609927,0.0,0.038595409911219854,0.019297704955609927,0.0,0.019297704955609927,0.0,0.0,0.0,0.0,0.0,0.019297704955609927,0.019297704955609927,0.0,0.0,0.019297704955609927,0.0,0.057893114866829784,0.0,0.0,0.0,0.0,0.0,0.0,0.0,0.0,0.0,0.0,0.0,0.0,0.0
93,DDADQERFD,0.8392714831157391,1,0,4,1,1,0,0,0,0,0,0,0,0,1,1,0,0,0,0,0,0,0,0,0,0,0,0,0,0,0,0,0.8392714831157391,0.0,3.3570859324629563,0.8392714831157391,0.8392714831157391,0.0,0.0,0.0,0.0,0.0,0.0,0.0,0.0,0.8392714831157391,0.8392714831157391,0.0,0.0,0.0,0.0,0.0,0.0,0.0,0.0,0.0,0.0,0.0,0.0,0.0,0.0,0.0,0.0
94,RDVPGTGN,0.25207627098265467,0,0,1,0,0,2,0,0,0,0,0,1,1,0,1,0,1,1,0,0,0,0,0,0,0,0,0,0,0,0,0,0.0,0.0,0.25207627098265467,0.0,0.0,0.5041525419653093,0.0,0.0,0.0,0.0,0.0,0.25207627098265467,0.25207627098265467,0.0,0.25207627098265467,0.0,0.25207627098265467,0.25207627098265467,0.0,0.0,0.0,0.0,0.0,0.0,0.0,0.0,0.0,0.0,0.0,0.0,0.0
95,GQNEAVDAVSNAIR,0.007619147438723847,3,0,1,1,0,1,0,1,0,0,0,2,0,1,1,1,0,2,0,0,0,0,0,0,0,0,0,0,0,0,0,0.02285744231617154,0.0,0.007619147438723847,0.007619147438723847,0.0,0.007619147438723847,0.0,0.007619147438723847,0.0,0.0,0.0,0.015238294877447694,0.0,0.007619147438723847,0.007619147438723847,0.007619147438723847,0.0,0.015238294877447694,0.0,0.0,0.0,0.0,0.0,0.0,0.0,0.0,0.0,0.0,0.0,0.0,0.0
96,AGVHLPGNIDY,0.46636120309390655,1,0,1,0,0,2,1,1,0,1,0,1,1,0,0,0,0,1,0,1,0,0,0,0,0,0,0,0,0,0,0,0.46636120309390655,0.0,0.46636120309390655,0.0,0.0,0.9327224061878131,0.46636120309390655,0.46636120309390655,0.0,0.46636120309390655,0.0,0.46636120309390655,0.46636120309390655,0.0,0.0,0.0,0.0,0.46636120309390655,0.0,0.46636120309390655,0.0,0.0,0.0,0.0,0.0,0.0,0.0,0.0,0.0,0.0,0.0
97,TIGHPDGIQA,0.044400802818699174,1,0,1,0,0,2,1,2,0,0,0,0,1,1,0,0,1,0,0,0,0,0,0,0,0,0,0,0,0,0,0,0.044400802818699174,0.0,0.044400802818699174,0.0,0.0,0.08880160563739835,0.044400802818699174,0.08880160563739835,0.0,0.0,0.0,0.0,0.044400802818699174,0.044400802818699174,0.0,0.0,0.044400802818699174,0.0,0.0,0.0,0.0,0.0,0.0,0.0,0.0,0.0,0.0,0.0,0.0,0.0,0.0
98,QNEAVDAVSNAIR,0.028303300601561224,3,0,1,1,0,0,0,1,0,0,0,2,0,1,1,1,0,2,0,0,0,0,0,0,0,0,0,0,0,1,0,0.08490990180468368,0.0,0.028303300601561224,0.028303300601561224,0.0,0.0,0.0,0.028303300601561224,0.0,0.0,0.0,0.05660660120312245,0.0,0.028303300601561224,0.028303300601561224,0.028303300601561224,0.0,0.05660660120312245,0.0,0.0,0.0,0.0,0.0,0.0,0.0,0.0,0.0,0.0,0.0,0.028303300601561224,0.0
99,GLLDDADQERF,0.030393885305085633,1,0,3,1,1,1,0,0,0,2,0,0,0,1,1,0,0,0,0,0,0,0,0,0,0,0,0,0,0,0,0,0.030393885305085633,0.0,0.0911816559152569,0.030393885305085633,0.030393885305085633,0.030393885305085633,0.0,0.0,0.0,0.060787770610171266,0.0,0.0,0.0,0.030393885305085633,0.030393885305085633,0.0,0.0,0.0,0.0,0.0,0.0,0.0,0.0,0.0,0.0,0.0,0.0,0.0,0.0,0.0,0.0
100,EDLTKGL,0.21278017059387994,0,0,1,1,0,1,0,0,1,2,0,0,0,0,0,0,1,0,0,0,0,0,0,0,0,0,0,0,0,0,0,0.0,0.0,0.21278017059387994,0.21278017059387994,0.0,0.21278017059387994,0.0,0.0,0.21278017059387994,0.42556034118775987,0.0,0.0,0.0,0.0,0.0,0.0,0.21278017059387994,0.0,0.0,0.0,0.0,0.0,0.0,0.0,0.0,0.0,0.0,0.0,0.0,0.0,0.0
101,LDAGEIIH,0.12161574477233339,1,0,1,1,0,1,1,2,0,1,0,0,0,0,0,0,0,0,0,0,0,0,0,0,0,0,0,0,0,0,0,0.12161574477233339,0.0,0.12161574477233339,0.12161574477233339,0.0,0.12161574477233339,0.12161574477233339,0.24323148954466678,0.0,0.12161574477233339,0.0,0.0,0.0,0.0,0.0,0.0,0.0,0.0,0.0,0.0,0.0,0.0,0.0,0.0,0.0,0.0,0.0,0.0,0.0,0.0,0.0
102,EAPQNPKAN,0.009886500140684233,2,0,0,1,0,0,0,0,1,0,0,2,2,1,0,0,0,0,0,0,0,0,0,0,0,0,0,0,0,0,0,0.019773000281368466,0.0,0.0,0.009886500140684233,0.0,0.0,0.0,0.0,0.009886500140684233,0.0,0.0,0.019773000281368466,0.019773000281368466,0.009886500140684233,0.0,0.0,0.0,0.0,0.0,0.0,0.0,0.0,0.0,0.0,0.0,0.0,0.0,0.0,0.0,0.0,0.0
103,HDSIGVGEDGPT,0.01975334521150627,0,0,2,1,0,3,1,1,0,0,0,0,1,0,0,1,1,1,0,0,0,0,0,0,0,0,0,0,0,0,0,0.0,0.0,0.03950669042301254,0.01975334521150627,0.0,0.05926003563451881,0.01975334521150627,0.01975334521150627,0.0,0.0,0.0,0.0,0.01975334521150627,0.0,0.0,0.01975334521150627,0.01975334521150627,0.01975334521150627,0.0,0.0,0.0,0.0,0.0,0.0,0.0,0.0,0.0,0.0,0.0,0.0,0.0
104,AGIHLPGNIDTA,0.13046052621032128,2,0,1,0,0,2,1,2,0,1,0,1,1,0,0,0,1,0,0,0,0,0,0,0,0,0,0,0,0,0,0,0.26092105242064256,0.0,0.13046052621032128,0.0,0.0,0.26092105242064256,0.13046052621032128,0.26092105242064256,0.0,0.13046052621032128,0.0,0.13046052621032128,0.13046052621032128,0.0,0.0,0.0,0.13046052621032128,0.0,0.0,0.0,0.0,0.0,0.0,0.0,0.0,0.0,0.0,0.0,0.0,0.0,0.0
105,FDPSTLPVQF,0.03590981263823081,0,0,1,0,2,0,0,0,0,1,0,0,2,1,0,1,1,1,0,0,0,0,0,0,0,0,0,0,0,0,0,0.0,0.0,0.03590981263823081,0.0,0.07181962527646162,0.0,0.0,0.0,0.0,0.03590981263823081,0.0,0.0,0.07181962527646162,0.03590981263823081,0.0,0.03590981263823081,0.03590981263823081,0.03590981263823081,0.0,0.0,0.0,0.0,0.0,0.0,0.0,0.0,0.0,0.0,0.0,0.0,0.0
106,GVHLPGNIDY,3.785566455458814,0,0,1,0,0,2,1,1,0,1,0,1,1,0,0,0,0,1,0,1,0,0,0,0,0,0,0,0,0,0,0,0.0,0.0,3.785566455458814,0.0,0.0,7.571132910917628,3.785566455458814,3.785566455458814,0.0,3.785566455458814,0.0,3.785566455458814,3.785566455458814,0.0,0.0,0.0,0.0,3.785566455458814,0.0,3.785566455458814,0.0,0.0,0.0,0.0,0.0,0.0,0.0,0.0,0.0,0.0,0.0
107,ITPQPGVDPVEA,0.23291257786701425,1,0,1,1,0,1,0,1,0,0,0,0,3,1,0,0,1,2,0,0,0,0,0,1,0,0,0,0,0,0,0,0.23291257786701425,0.0,0.23291257786701425,0.23291257786701425,0.0,0.23291257786701425,0.0,0.23291257786701425,0.0,0.0,0.0,0.0,0.6987377336010427,0.23291257786701425,0.0,0.0,0.23291257786701425,0.4658251557340285,0.0,0.0,0.0,0.0,0.0,0.23291257786701425,0.0,0.0,0.0,0.0,0.0,0.0,0.0
108,GGELPIVGQM,0.20873684193651404,0,0,0,1,0,3,0,1,0,1,1,0,1,1,0,0,0,1,0,0,0,0,0,0,0,0,0,0,0,0,0,0.0,0.0,0.0,0.20873684193651404,0.0,0.6262105258095421,0.0,0.20873684193651404,0.0,0.20873684193651404,0.20873684193651404,0.0,0.20873684193651404,0.20873684193651404,0.0,0.0,0.0,0.20873684193651404,0.0,0.0,0.0,0.0,0.0,0.0,0.0,0.0,0.0,0.0,0.0,0.0,0.0
109,AAIGPGIGQGN,0.4100762303067109,2,0,0,0,0,4,0,2,0,0,0,1,1,1,0,0,0,0,0,0,0,0,0,0,0,0,0,0,0,0,0,0.8201524606134218,0.0,0.0,0.0,0.0,1.6403049212268437,0.0,0.8201524606134218,0.0,0.0,0.0,0.4100762303067109,0.4100762303067109,0.4100762303067109,0.0,0.0,0.0,0.0,0.0,0.0,0.0,0.0,0.0,0.0,0.0,0.0,0.0,0.0,0.0,0.0,0.0
110,FGWDDFDEETK,0.07124069412779331,0,0,3,2,2,1,0,0,1,0,0,0,0,0,0,0,1,0,1,0,0,0,0,0,0,0,0,0,0,0,0,0.0,0.0,0.21372208238337992,0.14248138825558662,0.14248138825558662,0.07124069412779331,0.0,0.0,0.07124069412779331,0.0,0.0,0.0,0.0,0.0,0.0,0.0,0.07124069412779331,0.0,0.07124069412779331,0.0,0.0,0.0,0.0,0.0,0.0,0.0,0.0,0.0,0.0,0.0,0.0
111,TDAEIAEVLAR,0.00921465411630374,3,0,1,2,0,0,0,1,0,1,0,0,0,0,1,0,1,1,0,0,0,0,0,0,0,0,0,0,0,0,0,0.02764396234891122,0.0,0.00921465411630374,0.01842930823260748,0.0,0.0,0.0,0.00921465411630374,0.0,0.00921465411630374,0.0,0.0,0.0,0.0,0.00921465411630374,0.0,0.00921465411630374,0.00921465411630374,0.0,0.0,0.0,0.0,0.0,0.0,0.0,0.0,0.0,0.0,0.0,0.0,0.0
112,GVMKDVTGEA,0.034317751979392984,1,0,1,1,0,2,0,0,1,0,1,0,0,0,0,0,1,2,0,0,0,0,0,0,0,0,0,0,0,0,0,0.034317751979392984,0.0,0.034317751979392984,0.034317751979392984,0.0,0.06863550395878597,0.0,0.0,0.034317751979392984,0.0,0.034317751979392984,0.0,0.0,0.0,0.0,0.0,0.034317751979392984,0.06863550395878597,0.0,0.0,0.0,0.0,0.0,0.0,0.0,0.0,0.0,0.0,0.0,0.0,0.0
113,ADVDEGVVIGY,0.3650482520769544,1,0,2,1,0,2,0,1,0,0,0,0,0,0,0,0,0,3,0,1,0,0,0,0,0,0,0,0,0,0,0,0.3650482520769544,0.0,0.7300965041539088,0.3650482520769544,0.0,0.7300965041539088,0.0,0.3650482520769544,0.0,0.0,0.0,0.0,0.0,0.0,0.0,0.0,0.0,1.0951447562308632,0.0,0.3650482520769544,0.0,0.0,0.0,0.0,0.0,0.0,0.0,0.0,0.0,0.0,0.0
114,TEAPQNPKAN,0.18927832277294068,2,0,0,1,0,0,0,0,1,0,0,2,2,1,0,0,1,0,0,0,0,0,0,0,0,0,0,0,0,0,0,0.37855664554588137,0.0,0.0,0.18927832277294068,0.0,0.0,0.0,0.0,0.18927832277294068,0.0,0.0,0.37855664554588137,0.37855664554588137,0.18927832277294068,0.0,0.0,0.18927832277294068,0.0,0.0,0.0,0.0,0.0,0.0,0.0,0.0,0.0,0.0,0.0,0.0,0.0,0.0
115,KDVTGEAEF,0.25944692218097787,1,0,1,2,1,1,0,0,1,0,0,0,0,0,0,0,1,1,0,0,0,0,0,0,0,0,0,0,0,0,0,0.25944692218097787,0.0,0.25944692218097787,0.5188938443619557,0.25944692218097787,0.25944692218097787,0.0,0.0,0.25944692218097787,0.0,0.0,0.0,0.0,0.0,0.0,0.0,0.25944692218097787,0.25944692218097787,0.0,0.0,0.0,0.0,0.0,0.0,0.0,0.0,0.0,0.0,0.0,0.0,0.0
116,GTPRPNEY,0.17623227015190857,0,0,0,1,0,1,0,0,0,0,0,1,2,0,1,0,1,0,0,1,0,0,0,0,0,0,0,0,0,0,0,0.0,0.0,0.0,0.17623227015190857,0.0,0.17623227015190857,0.0,0.0,0.0,0.0,0.0,0.17623227015190857,0.35246454030381713,0.0,0.17623227015190857,0.0,0.17623227015190857,0.0,0.0,0.17623227015190857,0.0,0.0,0.0,0.0,0.0,0.0,0.0,0.0,0.0,0.0,0.0
117,AGVHLPGNIDYAGDS,0.01733577161845625,2,0,2,0,0,3,1,1,0,1,0,1,1,0,0,1,0,1,0,1,0,0,0,0,0,0,0,0,0,0,0,0.0346715432369125,0.0,0.0346715432369125,0.0,0.0,0.052007314855368754,0.01733577161845625,0.01733577161845625,0.0,0.01733577161845625,0.0,0.01733577161845625,0.01733577161845625,0.0,0.0,0.01733577161845625,0.0,0.01733577161845625,0.0,0.01733577161845625,0.0,0.0,0.0,0.0,0.0,0.0,0.0,0.0,0.0,0.0,0.0
118,GVGAVGGGGM,0.025296074912645346,1,0,0,0,0,6,0,0,0,0,1,0,0,0,0,0,0,2,0,0,0,1,0,0,0,0,0,0,0,0,0,0.025296074912645346,0.0,0.0,0.0,0.0,0.15177644947587207,0.0,0.0,0.0,0.0,0.025296074912645346,0.0,0.0,0.0,0.0,0.0,0.0,0.05059214982529069,0.0,0.0,0.0,0.025296074912645346,0.0,0.0,0.0,0.0,0.0,0.0,0.0,0.0,0.0
119,NGESRPGTLPG,0.038917038327146686,0,0,0,1,0,3,0,0,0,1,0,1,2,0,1,1,1,0,0,0,0,0,0,0,0,0,0,0,0,0,0,0.0,0.0,0.0,0.038917038327146686,0.0,0.11675111498144006,0.0,0.0,0.0,0.038917038327146686,0.0,0.038917038327146686,0.07783407665429337,0.0,0.038917038327146686,0.038917038327146686,0.038917038327146686,0.0,0.0,0.0,0.0,0.0,0.0,0.0,0.0,0.0,0.0,0.0,0.0,0.0,0.0
120,QFGGGTIGHPDG,0.03862221227921375,0,0,1,0,1,5,1,1,0,0,0,0,1,1,0,0,1,0,0,0,0,0,0,0,0,0,0,0,0,1,0,0.0,0.0,0.03862221227921375,0.0,0.03862221227921375,0.19311106139606876,0.03862221227921375,0.03862221227921375,0.0,0.0,0.0,0.0,0.03862221227921375,0.03862221227921375,0.0,0.0,0.03862221227921375,0.0,0.0,0.0,0.0,0.0,0.0,0.0,0.0,0.0,0.0,0.0,0.0,0.03862221227921375,0.0
121,HLPGNID,0.12862839291245234,0,0,1,0,0,1,1,1,0,1,0,1,1,0,0,0,0,0,0,0,0,0,0,0,0,0,0,0,0,0,0,0.0,0.0,0.12862839291245234,0.0,0.0,0.12862839291245234,0.12862839291245234,0.12862839291245234,0.0,0.12862839291245234,0.0,0.12862839291245234,0.12862839291245234,0.0,0.0,0.0,0.0,0.0,0.0,0.0,0.0,0.0,0.0,0.0,0.0,0.0,0.0,0.0,0.0,0.0,0.0
122,LGYDPDLPIIGHLQ,0.014530712362408663,0,0,2,0,0,2,1,2,0,3,0,0,2,1,0,0,0,0,0,1,0,0,0,0,0,0,0,0,0,0,0,0.0,0.0,0.029061424724817327,0.0,0.0,0.029061424724817327,0.014530712362408663,0.029061424724817327,0.0,0.04359213708722599,0.0,0.0,0.029061424724817327,0.014530712362408663,0.0,0.0,0.0,0.0,0.0,0.014530712362408663,0.0,0.0,0.0,0.0,0.0,0.0,0.0,0.0,0.0,0.0,0.0
123,GYDFIPGKL,0.053068688627927296,0,0,1,0,1,2,0,1,1,1,0,0,1,0,0,0,0,0,0,1,0,0,0,0,0,0,0,0,0,0,0,0.0,0.0,0.053068688627927296,0.0,0.053068688627927296,0.10613737725585459,0.0,0.053068688627927296,0.053068688627927296,0.053068688627927296,0.0,0.0,0.053068688627927296,0.0,0.0,0.0,0.0,0.0,0.0,0.053068688627927296,0.0,0.0,0.0,0.0,0.0,0.0,0.0,0.0,0.0,0.0,0.0
124,GIHLPGNIDT,0.10330704719569847,0,0,1,0,0,2,1,2,0,1,0,1,1,0,0,0,1,0,0,0,0,0,0,0,0,0,0,0,0,0,0,0.0,0.0,0.10330704719569847,0.0,0.0,0.20661409439139694,0.10330704719569847,0.20661409439139694,0.0,0.10330704719569847,0.0,0.10330704719569847,0.10330704719569847,0.0,0.0,0.0,0.10330704719569847,0.0,0.0,0.0,0.0,0.0,0.0,0.0,0.0,0.0,0.0,0.0,0.0,0.0,0.0
125,AISGPDAIPGAG,0.11173907216658024,3,0,1,0,0,3,0,2,0,0,0,0,2,0,0,1,0,0,0,0,0,0,0,0,0,0,0,0,0,0,0,0.33521721649974073,0.0,0.11173907216658024,0.0,0.0,0.33521721649974073,0.0,0.2234781443331605,0.0,0.0,0.0,0.0,0.2234781443331605,0.0,0.0,0.11173907216658024,0.0,0.0,0.0,0.0,0.0,0.0,0.0,0.0,0.0,0.0,0.0,0.0,0.0,0.0,0.0
126,GVGGGNDERE,0.03219500443427589,0,0,1,2,0,4,0,0,0,0,0,1,0,0,1,0,0,1,0,0,0,0,0,0,0,0,0,0,0,0,0,0.0,0.0,0.03219500443427589,0.06439000886855178,0.0,0.12878001773710357,0.0,0.0,0.0,0.0,0.0,0.03219500443427589,0.0,0.0,0.03219500443427589,0.0,0.0,0.03219500443427589,0.0,0.0,0.0,0.0,0.0,0.0,0.0,0.0,0.0,0.0,0.0,0.0,0.0
127,GGTIGHPD,0.05594324259527336,0,0,1,0,0,3,1,1,0,0,0,0,1,0,0,0,1,0,0,0,0,0,0,0,0,0,0,0,0,0,0,0.0,0.0,0.05594324259527336,0.0,0.0,0.1678297277858201,0.05594324259527336,0.05594324259527336,0.0,0.0,0.0,0.0,0.05594324259527336,0.0,0.0,0.0,0.05594324259527336,0.0,0.0,0.0,0.0,0.0,0.0,0.0,0.0,0.0,0.0,0.0,0.0,0.0,0.0
128,KASPDSDLK,0.022406779642902636,1,0,2,0,0,0,0,0,2,1,0,0,1,0,0,2,0,0,0,0,0,0,0,0,0,0,0,0,0,0,0,0.022406779642902636,0.0,0.04481355928580527,0.0,0.0,0.0,0.0,0.0,0.04481355928580527,0.022406779642902636,0.0,0.0,0.022406779642902636,0.0,0.0,0.04481355928580527,0.0,0.0,0.0,0.0,0.0,0.0,0.0,0.0,0.0,0.0,0.0,0.0,0.0,0.0,0.0
129,ALDFGWDKF,0.03950669042301254,1,0,2,0,2,1,0,0,1,1,0,0,0,0,0,0,0,0,1,0,0,0,0,0,0,0,0,0,0,0,0,0.03950669042301254,0.0,0.07901338084602508,0.0,0.07901338084602508,0.03950669042301254,0.0,0.0,0.03950669042301254,0.03950669042301254,0.0,0.0,0.0,0.0,0.0,0.0,0.0,0.0,0.03950669042301254,0.0,0.0,0.0,0.0,0.0,0.0,0.0,0.0,0.0,0.0,0.0,0.0
130,FGGGTIGHPDGIQAGA,0.012051014709258491,2,0,1,0,1,6,1,2,0,0,0,0,1,1,0,0,1,0,0,0,0,0,0,0,0,0,0,0,0,0,0,0.024102029418516982,0.0,0.012051014709258491,0.0,0.012051014709258491,0.07230608825555095,0.012051014709258491,0.024102029418516982,0.0,0.0,0.0,0.0,0.012051014709258491,0.012051014709258491,0.0,0.0,0.012051014709258491,0.0,0.0,0.0,0.0,0.0,0.0,0.0,0.0,0.0,0.0,0.0,0.0,0.0,0.0
131,IDTPGHVD,0.35821364823850926,0,0,2,0,0,1,1,1,0,0,0,0,1,0,0,0,1,1,0,0,0,0,0,0,0,0,0,0,0,0,0,0.0,0.0,0.7164272964770185,0.0,0.0,0.35821364823850926,0.35821364823850926,0.35821364823850926,0.0,0.0,0.0,0.0,0.35821364823850926,0.0,0.0,0.0,0.35821364823850926,0.35821364823850926,0.0,0.0,0.0,0.0,0.0,0.0,0.0,0.0,0.0,0.0,0.0,0.0,0.0
132,LGGELPIVGPM,0.03489668312806128,0,0,0,1,0,3,0,1,0,2,1,0,2,0,0,0,0,1,0,0,0,1,0,0,0,0,0,0,0,0,0,0.0,0.0,0.0,0.03489668312806128,0.0,0.10469004938418384,0.0,0.03489668312806128,0.0,0.06979336625612256,0.03489668312806128,0.0,0.06979336625612256,0.0,0.0,0.0,0.0,0.03489668312806128,0.0,0.0,0.0,0.03489668312806128,0.0,0.0,0.0,0.0,0.0,0.0,0.0,0.0,0.0
133,AGVHLPGN,0.8468878226873398,1,0,0,0,0,2,1,0,0,1,0,1,1,0,0,0,0,1,0,0,0,0,0,0,0,0,0,0,0,0,0,0.8468878226873398,0.0,0.0,0.0,0.0,1.6937756453746795,0.8468878226873398,0.0,0.0,0.8468878226873398,0.0,0.8468878226873398,0.8468878226873398,0.0,0.0,0.0,0.0,0.8468878226873398,0.0,0.0,0.0,0.0,0.0,0.0,0.0,0.0,0.0,0.0,0.0,0.0,0.0
134,ISGPDAIPGAGL,0.44518733237872343,2,0,1,0,0,3,0,2,0,1,0,0,2,0,0,1,0,0,0,0,0,0,0,0,0,0,0,0,0,0,0,0.8903746647574469,0.0,0.44518733237872343,0.0,0.0,1.3355619971361703,0.0,0.8903746647574469,0.0,0.44518733237872343,0.0,0.0,0.8903746647574469,0.0,0.0,0.44518733237872343,0.0,0.0,0.0,0.0,0.0,0.0,0.0,0.0,0.0,0.0,0.0,0.0,0.0,0.0,0.0
135,FRITPQPGVDPVEA,0.1005778003519765,1,0,1,1,1,1,0,1,0,0,0,0,3,1,1,0,1,2,0,0,0,0,0,1,0,0,0,0,0,0,0,0.1005778003519765,0.0,0.1005778003519765,0.1005778003519765,0.1005778003519765,0.1005778003519765,0.0,0.1005778003519765,0.0,0.0,0.0,0.0,0.3017334010559295,0.1005778003519765,0.1005778003519765,0.0,0.1005778003519765,0.201155600703953,0.0,0.0,0.0,0.0,0.0,0.1005778003519765,0.0,0.0,0.0,0.0,0.0,0.0,0.0
136,VMKDVTGE,0.1954696697795322,0,0,1,1,0,1,0,0,1,0,1,0,0,0,0,0,1,2,0,0,0,0,0,0,0,0,0,0,0,0,0,0.0,0.0,0.1954696697795322,0.1954696697795322,0.0,0.1954696697795322,0.0,0.0,0.1954696697795322,0.0,0.1954696697795322,0.0,0.0,0.0,0.0,0.0,0.1954696697795322,0.3909393395590644,0.0,0.0,0.0,0.0,0.0,0.0,0.0,0.0,0.0,0.0,0.0,0.0,0.0
137,LVTEEPIEYHPL,0.00300722568891588,0,0,0,3,0,0,1,1,0,2,0,0,2,0,0,0,1,1,0,1,0,0,0,0,0,0,0,0,0,0,0,0.0,0.0,0.0,0.009021677066747641,0.0,0.0,0.00300722568891588,0.00300722568891588,0.0,0.00601445137783176,0.0,0.0,0.00601445137783176,0.0,0.0,0.0,0.00300722568891588,0.00300722568891588,0.0,0.00300722568891588,0.0,0.0,0.0,0.0,0.0,0.0,0.0,0.0,0.0,0.0,0.0
138,GGGTIGHPDGIQAGA,0.05507350575387122,2,0,1,0,0,6,1,2,0,0,0,0,1,1,0,0,1,0,0,0,0,0,0,0,0,0,0,0,0,0,0,0.11014701150774243,0.0,0.05507350575387122,0.0,0.0,0.3304410345232273,0.05507350575387122,0.11014701150774243,0.0,0.0,0.0,0.0,0.05507350575387122,0.05507350575387122,0.0,0.0,0.05507350575387122,0.0,0.0,0.0,0.0,0.0,0.0,0.0,0.0,0.0,0.0,0.0,0.0,0.0,0.0
139,QDQPHENF,0.8269870644518671,0,0,1,1,1,0,1,0,0,0,0,1,1,2,0,0,0,0,0,0,0,0,0,0,0,0,0,0,0,1,0,0.0,0.0,0.8269870644518671,0.8269870644518671,0.8269870644518671,0.0,0.8269870644518671,0.0,0.0,0.0,0.0,0.8269870644518671,0.8269870644518671,1.6539741289037342,0.0,0.0,0.0,0.0,0.0,0.0,0.0,0.0,0.0,0.0,0.0,0.0,0.0,0.0,0.0,0.8269870644518671,0.0
140,DKVEEY,0.1182252452211047,0,0,1,2,0,0,0,0,1,0,0,0,0,0,0,0,0,1,0,1,0,0,0,0,0,0,0,0,0,0,0,0.0,0.0,0.1182252452211047,0.2364504904422094,0.0,0.0,0.0,0.0,0.1182252452211047,0.0,0.0,0.0,0.0,0.0,0.0,0.0,0.0,0.1182252452211047,0.0,0.1182252452211047,0.0,0.0,0.0,0.0,0.0,0.0,0.0,0.0,0.0,0.0,0.0
141,VGTPEER,2.0620976152566035,0,0,0,2,0,1,0,0,0,0,0,0,1,0,1,0,1,1,0,0,0,0,0,0,0,0,0,0,0,0,0,0.0,0.0,0.0,4.124195230513207,0.0,2.0620976152566035,0.0,0.0,0.0,0.0,0.0,0.0,2.0620976152566035,0.0,2.0620976152566035,0.0,2.0620976152566035,2.0620976152566035,0.0,0.0,0.0,0.0,0.0,0.0,0.0,0.0,0.0,0.0,0.0,0.0,0.0
142,VTEEPIEY,0.0754017617588467,0,0,0,3,0,0,0,1,0,0,0,0,1,0,0,0,1,1,0,1,0,0,0,0,0,0,0,0,0,0,0,0.0,0.0,0.0,0.2262052852765401,0.0,0.0,0.0,0.0754017617588467,0.0,0.0,0.0,0.0,0.0754017617588467,0.0,0.0,0.0,0.0754017617588467,0.0754017617588467,0.0,0.0754017617588467,0.0,0.0,0.0,0.0,0.0,0.0,0.0,0.0,0.0,0.0,0.0
143,GVHLPGNIDYAGDS,0.053068688627927296,1,0,2,0,0,3,1,1,0,1,0,1,1,0,0,1,0,1,0,1,0,0,0,0,0,0,0,0,0,0,0,0.053068688627927296,0.0,0.10613737725585459,0.0,0.0,0.1592060658837819,0.053068688627927296,0.053068688627927296,0.0,0.053068688627927296,0.0,0.053068688627927296,0.053068688627927296,0.0,0.0,0.053068688627927296,0.0,0.053068688627927296,0.0,0.053068688627927296,0.0,0.0,0.0,0.0,0.0,0.0,0.0,0.0,0.0,0.0,0.0
144,GGTIGHPDG,0.16018881937689167,0,0,1,0,0,4,1,1,0,0,0,0,1,0,0,0,1,0,0,0,0,0,0,0,0,0,0,0,0,0,0,0.0,0.0,0.16018881937689167,0.0,0.0,0.6407552775075667,0.16018881937689167,0.16018881937689167,0.0,0.0,0.0,0.0,0.16018881937689167,0.0,0.0,0.0,0.16018881937689167,0.0,0.0,0.0,0.0,0.0,0.0,0.0,0.0,0.0,0.0,0.0,0.0,0.0,0.0
145,MRDVPGTGNE,0.41393577129783293,0,0,1,1,0,2,0,0,0,0,1,1,1,0,1,0,1,1,0,0,0,0,0,0,0,0,0,0,0,0,0,0.0,0.0,0.41393577129783293,0.41393577129783293,0.0,0.8278715425956659,0.0,0.0,0.0,0.0,0.41393577129783293,0.41393577129783293,0.41393577129783293,0.0,0.41393577129783293,0.0,0.41393577129783293,0.41393577129783293,0.0,0.0,0.0,0.0,0.0,0.0,0.0,0.0,0.0,0.0,0.0,0.0,0.0
146,DDADQERF,9.353356370672186,1,0,3,1,1,0,0,0,0,0,0,0,0,1,1,0,0,0,0,0,0,0,0,0,0,0,0,0,0,0,0,9.353356370672186,0.0,28.060069112016556,9.353356370672186,9.353356370672186,0.0,0.0,0.0,0.0,0.0,0.0,0.0,0.0,9.353356370672186,9.353356370672186,0.0,0.0,0.0,0.0,0.0,0.0,0.0,0.0,0.0,0.0,0.0,0.0,0.0,0.0,0.0,0.0
147,DFGWDK,0.430446029982077,0,0,2,0,1,1,0,0,1,0,0,0,0,0,0,0,0,0,1,0,0,0,0,0,0,0,0,0,0,0,0,0.0,0.0,0.860892059964154,0.0,0.430446029982077,0.430446029982077,0.0,0.0,0.430446029982077,0.0,0.0,0.0,0.0,0.0,0.0,0.0,0.0,0.0,0.430446029982077,0.0,0.0,0.0,0.0,0.0,0.0,0.0,0.0,0.0,0.0,0.0,0.0
148,FMRDVPGTGN,0.03555602138071129,0,0,1,0,1,2,0,0,0,0,1,1,1,0,1,0,1,1,0,0,0,1,0,0,0,0,0,0,0,0,0,0.0,0.0,0.03555602138071129,0.0,0.03555602138071129,0.07111204276142258,0.0,0.0,0.0,0.0,0.03555602138071129,0.03555602138071129,0.03555602138071129,0.0,0.03555602138071129,0.0,0.03555602138071129,0.03555602138071129,0.0,0.0,0.0,0.03555602138071129,0.0,0.0,0.0,0.0,0.0,0.0,0.0,0.0,0.0
149,GVHLPGNIDYAG,0.05631177515518952,1,0,1,0,0,3,1,1,0,1,0,1,1,0,0,0,0,1,0,1,0,0,0,0,0,0,0,0,0,0,0,0.05631177515518952,0.0,0.05631177515518952,0.0,0.0,0.16893532546556855,0.05631177515518952,0.05631177515518952,0.0,0.05631177515518952,0.0,0.05631177515518952,0.05631177515518952,0.0,0.0,0.0,0.0,0.05631177515518952,0.0,0.05631177515518952,0.0,0.0,0.0,0.0,0.0,0.0,0.0,0.0,0.0,0.0,0.0
150,GTIGHPDG,0.03935927739904608,0,0,1,0,0,3,1,1,0,0,0,0,1,0,0,0,1,0,0,0,0,0,0,0,0,0,0,0,0,0,0,0.0,0.0,0.03935927739904608,0.0,0.0,0.11807783219713824,0.03935927739904608,0.03935927739904608,0.0,0.0,0.0,0.0,0.03935927739904608,0.0,0.0,0.0,0.03935927739904608,0.0,0.0,0.0,0.0,0.0,0.0,0.0,0.0,0.0,0.0,0.0,0.0,0.0,0.0
151,LMVHEE,0.19104727906053828,0,0,0,2,0,0,1,0,0,1,1,0,0,0,0,0,0,1,0,0,0,0,0,0,0,0,0,0,0,0,0,0.0,0.0,0.0,0.38209455812107657,0.0,0.0,0.19104727906053828,0.0,0.0,0.19104727906053828,0.19104727906053828,0.0,0.0,0.0,0.0,0.0,0.0,0.19104727906053828,0.0,0.0,0.0,0.0,0.0,0.0,0.0,0.0,0.0,0.0,0.0,0.0,0.0
152,TPDQDVGH,0.053289808163876996,0,0,2,0,0,1,1,0,0,0,0,0,1,1,0,0,1,1,0,0,0,0,0,0,0,0,0,0,0,0,0,0.0,0.0,0.10657961632775399,0.0,0.0,0.053289808163876996,0.053289808163876996,0.0,0.0,0.0,0.0,0.0,0.053289808163876996,0.053289808163876996,0.0,0.0,0.053289808163876996,0.053289808163876996,0.0,0.0,0.0,0.0,0.0,0.0,0.0,0.0,0.0,0.0,0.0,0.0,0.0
153,FDRKPGN,0.06418784243568348,0,0,1,0,1,1,0,0,1,0,0,1,1,0,1,0,0,0,0,0,0,0,0,0,0,0,0,0,0,0,0,0.0,0.0,0.06418784243568348,0.0,0.06418784243568348,0.06418784243568348,0.0,0.0,0.06418784243568348,0.0,0.0,0.06418784243568348,0.06418784243568348,0.0,0.06418784243568348,0.0,0.0,0.0,0.0,0.0,0.0,0.0,0.0,0.0,0.0,0.0,0.0,0.0,0.0,0.0,0.0
154,KDVTGEAE,0.12051014709258491,1,0,1,2,0,1,0,0,1,0,0,0,0,0,0,0,1,1,0,0,0,0,0,0,0,0,0,0,0,0,0,0.12051014709258491,0.0,0.12051014709258491,0.24102029418516982,0.0,0.12051014709258491,0.0,0.0,0.12051014709258491,0.0,0.0,0.0,0.0,0.0,0.0,0.0,0.12051014709258491,0.12051014709258491,0.0,0.0,0.0,0.0,0.0,0.0,0.0,0.0,0.0,0.0,0.0,0.0,0.0
155,DDGTIQDPVLGTK,0.03701200847896468,0,0,3,0,0,2,0,1,1,1,0,0,1,1,0,0,2,1,0,0,0,0,0,0,0,0,0,0,0,0,0,0.0,0.0,0.11103602543689403,0.0,0.0,0.07402401695792936,0.0,0.03701200847896468,0.03701200847896468,0.03701200847896468,0.0,0.0,0.03701200847896468,0.03701200847896468,0.0,0.0,0.07402401695792936,0.03701200847896468,0.0,0.0,0.0,0.0,0.0,0.0,0.0,0.0,0.0,0.0,0.0,0.0,0.0
156,IQDPVLGTK,0.36558429943683246,0,0,1,0,0,1,0,1,1,1,0,0,1,1,0,0,1,1,0,0,0,0,0,0,0,0,0,0,0,0,0,0.0,0.0,0.36558429943683246,0.0,0.0,0.36558429943683246,0.0,0.36558429943683246,0.36558429943683246,0.36558429943683246,0.0,0.0,0.36558429943683246,0.36558429943683246,0.0,0.0,0.36558429943683246,0.36558429943683246,0.0,0.0,0.0,0.0,0.0,0.0,0.0,0.0,0.0,0.0,0.0,0.0,0.0
157,GVMKDVTGE,0.0827478441198422,0,0,1,1,0,2,0,0,1,0,1,0,0,0,0,0,1,2,0,0,0,0,0,0,0,0,0,0,0,0,0,0.0,0.0,0.0827478441198422,0.0827478441198422,0.0,0.1654956882396844,0.0,0.0,0.0827478441198422,0.0,0.0827478441198422,0.0,0.0,0.0,0.0,0.0,0.0827478441198422,0.1654956882396844,0.0,0.0,0.0,0.0,0.0,0.0,0.0,0.0,0.0,0.0,0.0,0.0,0.0
158,PVLIGEPGVGK,0.03923866674307351,0,0,0,1,0,3,0,1,1,1,0,0,2,0,0,0,0,2,0,0,0,0,0,0,0,0,0,0,0,0,0,0.0,0.0,0.0,0.03923866674307351,0.0,0.11771600022922053,0.0,0.03923866674307351,0.03923866674307351,0.03923866674307351,0.0,0.0,0.07847733348614702,0.0,0.0,0.0,0.0,0.07847733348614702,0.0,0.0,0.0,0.0,0.0,0.0,0.0,0.0,0.0,0.0,0.0,0.0,0.0
159,AATGEVKGSY,0.16239018720145754,2,0,0,1,0,2,0,0,1,0,0,0,0,0,0,1,1,1,0,1,0,0,0,0,0,0,0,0,0,0,0,0.3247803744029151,0.0,0.0,0.16239018720145754,0.0,0.3247803744029151,0.0,0.0,0.16239018720145754,0.0,0.0,0.0,0.0,0.0,0.0,0.16239018720145754,0.16239018720145754,0.16239018720145754,0.0,0.16239018720145754,0.0,0.0,0.0,0.0,0.0,0.0,0.0,0.0,0.0,0.0,0.0
160,LTEAPQNPKAN,0.03827378149529302,2,0,0,1,0,0,0,0,1,1,0,2,2,1,0,0,1,0,0,0,0,0,0,0,0,0,0,0,0,0,0,0.07654756299058604,0.0,0.0,0.03827378149529302,0.0,0.0,0.0,0.0,0.03827378149529302,0.03827378149529302,0.0,0.07654756299058604,0.07654756299058604,0.03827378149529302,0.0,0.0,0.03827378149529302,0.0,0.0,0.0,0.0,0.0,0.0,0.0,0.0,0.0,0.0,0.0,0.0,0.0,0.0
161,DFDEETK,7.60651203666958,0,0,2,2,1,0,0,0,1,0,0,0,0,0,0,0,1,0,0,0,0,0,0,0,0,0,0,0,0,0,0,0.0,0.0,15.21302407333916,15.21302407333916,7.60651203666958,0.0,0.0,0.0,7.60651203666958,0.0,0.0,0.0,0.0,0.0,0.0,0.0,7.60651203666958,0.0,0.0,0.0,0.0,0.0,0.0,0.0,0.0,0.0,0.0,0.0,0.0,0.0,0.0
162,EEDPKTDY,0.12316358152398127,0,0,2,2,0,0,0,0,1,0,0,0,1,0,0,0,1,0,0,1,0,0,0,0,0,0,0,0,0,0,0,0.0,0.0,0.24632716304796254,0.24632716304796254,0.0,0.0,0.0,0.0,0.12316358152398127,0.0,0.0,0.0,0.12316358152398127,0.0,0.0,0.0,0.12316358152398127,0.0,0.0,0.12316358152398127,0.0,0.0,0.0,0.0,0.0,0.0,0.0,0.0,0.0,0.0,0.0
163,FDTVDWSKF,0.046975616970646755,0,0,2,0,2,0,0,0,1,0,0,0,0,0,0,1,1,1,1,0,0,0,0,0,0,0,0,0,0,0,0,0.0,0.0,0.09395123394129351,0.0,0.09395123394129351,0.0,0.0,0.0,0.046975616970646755,0.0,0.0,0.0,0.0,0.0,0.0,0.046975616970646755,0.046975616970646755,0.046975616970646755,0.046975616970646755,0.0,0.0,0.0,0.0,0.0,0.0,0.0,0.0,0.0,0.0,0.0,0.0
164,EEPIEYHP,2.0741012472081586,0,0,0,3,0,0,1,1,0,0,0,0,2,0,0,0,0,0,0,1,0,0,0,0,0,0,0,0,0,0,0,0.0,0.0,0.0,6.222303741624476,0.0,0.0,2.0741012472081586,2.0741012472081586,0.0,0.0,0.0,0.0,4.148202494416317,0.0,0.0,0.0,0.0,0.0,0.0,2.0741012472081586,0.0,0.0,0.0,0.0,0.0,0.0,0.0,0.0,0.0,0.0,0.0
165,VSGPDGIPHPVP,0.03331534341642103,0,0,1,0,0,2,1,1,0,0,0,0,4,0,0,1,0,2,0,0,0,0,0,0,0,0,0,0,0,0,0,0.0,0.0,0.03331534341642103,0.0,0.0,0.06663068683284205,0.03331534341642103,0.03331534341642103,0.0,0.0,0.0,0.0,0.1332613736656841,0.0,0.0,0.03331534341642103,0.0,0.06663068683284205,0.0,0.0,0.0,0.0,0.0,0.0,0.0,0.0,0.0,0.0,0.0,0.0,0.0
166,TELEVNLPY,0.17827148365011133,0,0,0,2,0,0,0,0,0,2,0,1,1,0,0,0,1,1,0,1,0,0,0,0,0,0,0,0,0,0,0,0.0,0.0,0.0,0.35654296730022267,0.0,0.0,0.0,0.0,0.0,0.35654296730022267,0.0,0.17827148365011133,0.17827148365011133,0.0,0.0,0.0,0.17827148365011133,0.17827148365011133,0.0,0.17827148365011133,0.0,0.0,0.0,0.0,0.0,0.0,0.0,0.0,0.0,0.0,0.0
167,TVKDTDVL,0.15964830495568127,0,0,2,0,0,0,0,0,1,1,0,0,0,0,0,0,2,2,0,0,0,0,0,0,0,0,0,0,0,0,0,0.0,0.0,0.31929660991136255,0.0,0.0,0.0,0.0,0.0,0.15964830495568127,0.15964830495568127,0.0,0.0,0.0,0.0,0.0,0.0,0.31929660991136255,0.31929660991136255,0.0,0.0,0.0,0.0,0.0,0.0,0.0,0.0,0.0,0.0,0.0,0.0,0.0
168,DFRNGY,0.9139607485920813,0,0,1,0,1,1,0,0,0,0,0,1,0,0,1,0,0,0,0,1,0,0,0,0,0,0,0,0,0,0,0,0.0,0.0,0.9139607485920813,0.0,0.9139607485920813,0.9139607485920813,0.0,0.0,0.0,0.0,0.0,0.9139607485920813,0.0,0.0,0.9139607485920813,0.0,0.0,0.0,0.0,0.9139607485920813,0.0,0.0,0.0,0.0,0.0,0.0,0.0,0.0,0.0,0.0,0.0
169,ELEDLTKGL,0.31251561080890516,0,0,1,2,0,1,0,0,1,3,0,0,0,0,0,0,1,0,0,0,0,0,0,0,0,0,0,0,0,0,0,0.0,0.0,0.31251561080890516,0.6250312216178103,0.0,0.31251561080890516,0.0,0.0,0.31251561080890516,0.9375468324267155,0.0,0.0,0.0,0.0,0.0,0.0,0.31251561080890516,0.0,0.0,0.0,0.0,0.0,0.0,0.0,0.0,0.0,0.0,0.0,0.0,0.0,0.0
170,GGSLPIVGEM,0.06881239958754573,0,0,0,1,0,3,0,1,0,1,1,0,1,0,0,1,0,1,0,0,0,1,0,0,0,0,0,0,0,0,0,0.0,0.0,0.0,0.06881239958754573,0.0,0.2064371987626372,0.0,0.06881239958754573,0.0,0.06881239958754573,0.06881239958754573,0.0,0.06881239958754573,0.0,0.0,0.06881239958754573,0.0,0.06881239958754573,0.0,0.0,0.0,0.06881239958754573,0.0,0.0,0.0,0.0,0.0,0.0,0.0,0.0,0.0
171,DQERFD,0.9287020509887277,0,0,2,1,1,0,0,0,0,0,0,0,0,1,1,0,0,0,0,0,0,0,0,0,0,0,0,0,0,0,0,0.0,0.0,1.8574041019774554,0.9287020509887277,0.9287020509887277,0.0,0.0,0.0,0.0,0.0,0.0,0.0,0.0,0.9287020509887277,0.9287020509887277,0.0,0.0,0.0,0.0,0.0,0.0,0.0,0.0,0.0,0.0,0.0,0.0,0.0,0.0,0.0,0.0
172,ALRLEDM,0.07252720779150064,1,0,1,1,0,0,0,0,0,2,1,0,0,0,1,0,0,0,0,0,0,0,0,0,0,0,0,0,0,0,0,0.07252720779150064,0.0,0.07252720779150064,0.07252720779150064,0.0,0.0,0.0,0.0,0.0,0.14505441558300128,0.07252720779150064,0.0,0.0,0.0,0.07252720779150064,0.0,0.0,0.0,0.0,0.0,0.0,0.0,0.0,0.0,0.0,0.0,0.0,0.0,0.0,0.0,0.0
173,DTVDWSKF,0.04621398301348669,0,0,2,0,1,0,0,0,1,0,0,0,0,0,0,1,1,1,1,0,0,0,0,0,0,0,0,0,0,0,0,0.0,0.0,0.09242796602697338,0.0,0.04621398301348669,0.0,0.0,0.0,0.04621398301348669,0.0,0.0,0.0,0.0,0.0,0.0,0.04621398301348669,0.04621398301348669,0.04621398301348669,0.04621398301348669,0.0,0.0,0.0,0.0,0.0,0.0,0.0,0.0,0.0,0.0,0.0,0.0
174,GAQPPLGF,0.1720309989688643,1,0,0,0,1,2,0,0,0,1,0,0,2,1,0,0,0,0,0,0,0,0,0,0,0,0,0,0,0,0,0,0.1720309989688643,0.0,0.0,0.0,0.1720309989688643,0.3440619979377286,0.0,0.0,0.0,0.1720309989688643,0.0,0.0,0.3440619979377286,0.1720309989688643,0.0,0.0,0.0,0.0,0.0,0.0,0.0,0.0,0.0,0.0,0.0,0.0,0.0,0.0,0.0,0.0,0.0
175,GIPEDDPRNP,0.3944772521342596,0,0,2,1,0,1,0,1,0,0,0,1,3,0,1,0,0,0,0,0,0,0,0,0,0,0,0,0,0,0,0,0.0,0.0,0.7889545042685192,0.3944772521342596,0.0,0.3944772521342596,0.0,0.3944772521342596,0.0,0.0,0.0,0.3944772521342596,1.1834317564027788,0.0,0.3944772521342596,0.0,0.0,0.0,0.0,0.0,0.0,0.0,0.0,0.0,0.0,0.0,0.0,0.0,0.0,0.0,0.0
176,NSPGAGNVIR,0.2564986617016486,1,0,0,0,0,2,0,1,0,0,0,2,1,0,1,1,0,1,0,0,0,0,0,0,0,0,0,0,0,0,0,0.2564986617016486,0.0,0.0,0.0,0.0,0.5129973234032972,0.0,0.2564986617016486,0.0,0.0,0.0,0.5129973234032972,0.2564986617016486,0.0,0.2564986617016486,0.2564986617016486,0.0,0.2564986617016486,0.0,0.0,0.0,0.0,0.0,0.0,0.0,0.0,0.0,0.0,0.0,0.0,0.0
177,GPDAIPGAGLAQ,0.03685325599161618,3,0,1,0,0,3,0,1,0,1,0,0,2,1,0,0,0,0,0,0,0,0,0,0,0,0,0,0,0,0,0,0.11055976797484854,0.0,0.03685325599161618,0.0,0.0,0.11055976797484854,0.0,0.03685325599161618,0.0,0.03685325599161618,0.0,0.0,0.07370651198323236,0.03685325599161618,0.0,0.0,0.0,0.0,0.0,0.0,0.0,0.0,0.0,0.0,0.0,0.0,0.0,0.0,0.0,0.0,0.0
178,DPDLPIIGH,0.7940648224326899,0,0,2,0,0,1,1,2,0,1,0,0,2,0,0,0,0,0,0,0,0,0,0,0,0,0,0,0,0,0,0,0.0,0.0,1.5881296448653799,0.0,0.0,0.7940648224326899,0.7940648224326899,1.5881296448653799,0.0,0.7940648224326899,0.0,0.0,1.5881296448653799,0.0,0.0,0.0,0.0,0.0,0.0,0.0,0.0,0.0,0.0,0.0,0.0,0.0,0.0,0.0,0.0,0.0,0.0
179,RNEGQDY,0.14429629145974515,0,0,1,1,0,1,0,0,0,0,0,1,0,1,1,0,0,0,0,1,0,0,0,0,0,0,0,0,0,0,0,0.0,0.0,0.14429629145974515,0.14429629145974515,0.0,0.14429629145974515,0.0,0.0,0.0,0.0,0.0,0.14429629145974515,0.0,0.14429629145974515,0.14429629145974515,0.0,0.0,0.0,0.0,0.14429629145974515,0.0,0.0,0.0,0.0,0.0,0.0,0.0,0.0,0.0,0.0,0.0
180,SGLKPPLDL,0.02142402614979287,0,0,1,0,0,1,0,0,1,3,0,0,2,0,0,1,0,0,0,0,0,0,0,0,0,0,0,0,0,0,0,0.0,0.0,0.02142402614979287,0.0,0.0,0.02142402614979287,0.0,0.0,0.02142402614979287,0.06427207844937861,0.0,0.0,0.04284805229958574,0.0,0.0,0.02142402614979287,0.0,0.0,0.0,0.0,0.0,0.0,0.0,0.0,0.0,0.0,0.0,0.0,0.0,0.0,0.0
181,AADDKERYQ,0.0011478560799522053,2,0,2,1,0,0,0,0,1,0,0,0,0,1,1,0,0,0,0,1,0,0,0,0,0,0,0,0,0,0,0,0.0022957121599044106,0.0,0.0022957121599044106,0.0011478560799522053,0.0,0.0,0.0,0.0,0.0011478560799522053,0.0,0.0,0.0,0.0,0.0011478560799522053,0.0011478560799522053,0.0,0.0,0.0,0.0,0.0011478560799522053,0.0,0.0,0.0,0.0,0.0,0.0,0.0,0.0,0.0,0.0,0.0
182,GVHLPGNID,5.326523932654925,0,0,1,0,0,2,1,1,0,1,0,1,1,0,0,0,0,1,0,0,0,0,0,0,0,0,0,0,0,0,0,0.0,0.0,5.326523932654925,0.0,0.0,10.65304786530985,5.326523932654925,5.326523932654925,0.0,5.326523932654925,0.0,5.326523932654925,5.326523932654925,0.0,0.0,0.0,0.0,5.326523932654925,0.0,0.0,0.0,0.0,0.0,0.0,0.0,0.0,0.0,0.0,0.0,0.0,0.0
183,FEDELGAQPP,0.10808322917221193,1,0,1,2,1,1,0,0,0,1,0,0,2,1,0,0,0,0,0,0,0,0,0,0,0,0,0,0,0,0,0,0.10808322917221193,0.0,0.10808322917221193,0.21616645834442386,0.10808322917221193,0.10808322917221193,0.0,0.0,0.0,0.10808322917221193,0.0,0.0,0.21616645834442386,0.10808322917221193,0.0,0.0,0.0,0.0,0.0,0.0,0.0,0.0,0.0,0.0,0.0,0.0,0.0,0.0,0.0,0.0,0.0
184,WEFPDPNQ,0.07009489289605397,0,0,1,1,1,0,0,0,0,0,0,1,2,1,0,0,0,0,1,0,0,0,0,0,0,0,0,0,0,0,0,0.0,0.0,0.07009489289605397,0.07009489289605397,0.07009489289605397,0.0,0.0,0.0,0.0,0.0,0.0,0.07009489289605397,0.14018978579210795,0.07009489289605397,0.0,0.0,0.0,0.0,0.07009489289605397,0.0,0.0,0.0,0.0,0.0,0.0,0.0,0.0,0.0,0.0,0.0,0.0
185,SEEQRPGTP,0.061127267271427366,0,0,0,2,0,1,0,0,0,0,0,0,2,1,1,1,1,0,0,0,0,0,0,0,0,0,0,0,0,0,0,0.0,0.0,0.0,0.12225453454285473,0.0,0.061127267271427366,0.0,0.0,0.0,0.0,0.0,0.0,0.12225453454285473,0.061127267271427366,0.061127267271427366,0.061127267271427366,0.061127267271427366,0.0,0.0,0.0,0.0,0.0,0.0,0.0,0.0,0.0,0.0,0.0,0.0,0.0,0.0
186,GGELPIVGQM,0.04157047275854305,0,0,0,1,0,3,0,1,0,1,1,0,1,1,0,0,0,1,0,0,0,1,0,0,0,0,0,0,0,0,0,0.0,0.0,0.0,0.04157047275854305,0.0,0.12471141827562915,0.0,0.04157047275854305,0.0,0.04157047275854305,0.04157047275854305,0.0,0.04157047275854305,0.04157047275854305,0.0,0.0,0.0,0.04157047275854305,0.0,0.0,0.0,0.04157047275854305,0.0,0.0,0.0,0.0,0.0,0.0,0.0,0.0,0.0
187,SDEGVTPLLA,0.054837644915524876,1,0,1,1,0,1,0,0,0,2,0,0,1,0,0,1,1,1,0,0,0,0,0,0,0,0,0,0,0,0,0,0.054837644915524876,0.0,0.054837644915524876,0.054837644915524876,0.0,0.054837644915524876,0.0,0.0,0.0,0.10967528983104975,0.0,0.0,0.054837644915524876,0.0,0.0,0.054837644915524876,0.054837644915524876,0.054837644915524876,0.0,0.0,0.0,0.0,0.0,0.0,0.0,0.0,0.0,0.0,0.0,0.0,0.0
188,VGGGNDEREQT,0.010629819146381801,0,0,1,2,0,3,0,0,0,0,0,1,0,1,1,0,1,1,0,0,0,0,0,0,0,0,0,0,0,0,0,0.0,0.0,0.010629819146381801,0.021259638292763602,0.0,0.031889457439145404,0.0,0.0,0.0,0.0,0.0,0.010629819146381801,0.0,0.010629819146381801,0.010629819146381801,0.0,0.010629819146381801,0.010629819146381801,0.0,0.0,0.0,0.0,0.0,0.0,0.0,0.0,0.0,0.0,0.0,0.0,0.0
189,ADEVFNKL,0.06987377336010428,1,0,1,1,1,0,0,0,1,1,0,1,0,0,0,0,0,1,0,0,0,0,0,0,0,0,0,0,0,0,0,0.06987377336010428,0.0,0.06987377336010428,0.06987377336010428,0.06987377336010428,0.0,0.0,0.0,0.06987377336010428,0.06987377336010428,0.0,0.06987377336010428,0.0,0.0,0.0,0.0,0.0,0.06987377336010428,0.0,0.0,0.0,0.0,0.0,0.0,0.0,0.0,0.0,0.0,0.0,0.0,0.0
190,SDGISEEK,0.7097937103985276,0,0,1,2,0,1,0,1,1,0,0,0,0,0,0,2,0,0,0,0,0,0,0,0,0,0,0,0,0,0,0,0.0,0.0,0.7097937103985276,1.4195874207970551,0.0,0.7097937103985276,0.0,0.7097937103985276,0.7097937103985276,0.0,0.0,0.0,0.0,0.0,0.0,1.4195874207970551,0.0,0.0,0.0,0.0,0.0,0.0,0.0,0.0,0.0,0.0,0.0,0.0,0.0,0.0,0.0
191,GDLGEVRQ,0.10149386700091095,0,0,1,1,0,2,0,0,0,1,0,0,0,1,1,0,0,1,0,0,0,0,0,0,0,0,0,0,0,0,0,0.0,0.0,0.10149386700091095,0.10149386700091095,0.0,0.2029877340018219,0.0,0.0,0.0,0.10149386700091095,0.0,0.0,0.0,0.10149386700091095,0.10149386700091095,0.0,0.0,0.10149386700091095,0.0,0.0,0.0,0.0,0.0,0.0,0.0,0.0,0.0,0.0,0.0,0.0,0.0
192,FDIKDPA,0.9678717973569598,1,0,2,0,1,0,0,1,1,0,0,0,1,0,0,0,0,0,0,0,0,0,0,0,0,0,0,0,0,0,0,0.9678717973569598,0.0,1.9357435947139197,0.0,0.9678717973569598,0.0,0.0,0.9678717973569598,0.9678717973569598,0.0,0.0,0.0,0.9678717973569598,0.0,0.0,0.0,0.0,0.0,0.0,0.0,0.0,0.0,0.0,0.0,0.0,0.0,0.0,0.0,0.0,0.0,0.0
193,FDEETKL,10.083050839306187,0,0,1,2,1,0,0,0,1,1,0,0,0,0,0,0,1,0,0,0,0,0,0,0,0,0,0,0,0,0,0,0.0,0.0,10.083050839306187,20.166101678612375,10.083050839306187,0.0,0.0,0.0,10.083050839306187,10.083050839306187,0.0,0.0,0.0,0.0,0.0,0.0,10.083050839306187,0.0,0.0,0.0,0.0,0.0,0.0,0.0,0.0,0.0,0.0,0.0,0.0,0.0,0.0
194,GYDPDLPIIGH,0.009198572695507399,0,0,2,0,0,2,1,2,0,1,0,0,2,0,0,0,0,0,0,1,0,0,0,0,0,1,0,0,0,0,0,0.0,0.0,0.018397145391014797,0.0,0.0,0.018397145391014797,0.009198572695507399,0.018397145391014797,0.0,0.009198572695507399,0.0,0.0,0.018397145391014797,0.0,0.0,0.0,0.0,0.0,0.0,0.009198572695507399,0.0,0.0,0.0,0.0,0.0,0.009198572695507399,0.0,0.0,0.0,0.0,0.0
195,VFPEEVLPR,0.2142402614979287,0,0,0,2,1,0,0,0,0,1,0,0,2,0,1,0,0,2,0,0,0,0,0,0,0,0,0,0,0,0,0,0.0,0.0,0.0,0.4284805229958574,0.2142402614979287,0.0,0.0,0.0,0.0,0.2142402614979287,0.0,0.0,0.4284805229958574,0.0,0.2142402614979287,0.0,0.0,0.4284805229958574,0.0,0.0,0.0,0.0,0.0,0.0,0.0,0.0,0.0,0.0,0.0,0.0,0.0
196,NPEGSRY,0.14278004321323295,0,0,0,1,0,1,0,0,0,0,0,1,1,0,1,1,0,0,0,1,0,0,0,0,0,0,0,0,0,0,0,0.0,0.0,0.0,0.14278004321323295,0.0,0.14278004321323295,0.0,0.0,0.0,0.0,0.0,0.14278004321323295,0.14278004321323295,0.0,0.14278004321323295,0.14278004321323295,0.0,0.0,0.0,0.14278004321323295,0.0,0.0,0.0,0.0,0.0,0.0,0.0,0.0,0.0,0.0,0.0
197,FASIPSKGL,0.03262741597124419,1,0,0,0,1,1,0,1,1,1,0,0,1,0,0,2,0,0,0,0,0,0,0,0,0,0,0,0,0,0,0,0.03262741597124419,0.0,0.0,0.0,0.03262741597124419,0.03262741597124419,0.0,0.03262741597124419,0.03262741597124419,0.03262741597124419,0.0,0.0,0.03262741597124419,0.0,0.0,0.06525483194248838,0.0,0.0,0.0,0.0,0.0,0.0,0.0,0.0,0.0,0.0,0.0,0.0,0.0,0.0,0.0
198,FITNRPA,0.28808716683731966,1,0,0,0,1,0,0,1,0,0,0,1,1,0,1,0,1,0,0,0,0,0,0,0,0,0,0,0,0,0,0,0.28808716683731966,0.0,0.0,0.0,0.28808716683731966,0.0,0.0,0.28808716683731966,0.0,0.0,0.0,0.28808716683731966,0.28808716683731966,0.0,0.28808716683731966,0.0,0.28808716683731966,0.0,0.0,0.0,0.0,0.0,0.0,0.0,0.0,0.0,0.0,0.0,0.0,0.0,0.0
199,DDFDEETK,2.7639941993712136,0,0,3,2,1,0,0,0,1,0,0,0,0,0,0,0,1,0,0,0,0,0,0,0,0,0,0,0,0,0,0,0.0,0.0,8.291982598113641,5.527988398742427,2.7639941993712136,0.0,0.0,0.0,2.7639941993712136,0.0,0.0,0.0,0.0,0.0,0.0,0.0,2.7639941993712136,0.0,0.0,0.0,0.0,0.0,0.0,0.0,0.0,0.0,0.0,0.0,0.0,0.0,0.0
200,GIHLPGNIDTA,0.01752874866801235,1,0,1,0,0,2,1,2,0,1,0,1,1,0,0,0,1,0,0,0,0,0,0,0,0,0,0,0,0,0,0,0.01752874866801235,0.0,0.01752874866801235,0.0,0.0,0.0350574973360247,0.01752874866801235,0.0350574973360247,0.0,0.01752874866801235,0.0,0.01752874866801235,0.01752874866801235,0.0,0.0,0.0,0.01752874866801235,0.0,0.0,0.0,0.0,0.0,0.0,0.0,0.0,0.0,0.0,0.0,0.0,0.0,0.0
201,ETDPIRDPNN,0.23173327367528254,0,0,2,1,0,0,0,1,0,0,0,2,2,0,1,0,1,0,0,0,0,0,0,0,0,0,0,0,0,0,0,0.0,0.0,0.4634665473505651,0.23173327367528254,0.0,0.0,0.0,0.23173327367528254,0.0,0.0,0.0,0.4634665473505651,0.4634665473505651,0.0,0.23173327367528254,0.0,0.23173327367528254,0.0,0.0,0.0,0.0,0.0,0.0,0.0,0.0,0.0,0.0,0.0,0.0,0.0,0.0
202,GESDREAGDF,0.24588492397606315,1,0,2,2,1,2,0,0,0,0,0,0,0,0,1,1,0,0,0,0,0,0,0,0,0,0,0,0,0,0,0,0.24588492397606315,0.0,0.4917698479521263,0.4917698479521263,0.24588492397606315,0.4917698479521263,0.0,0.0,0.0,0.0,0.0,0.0,0.0,0.0,0.24588492397606315,0.24588492397606315,0.0,0.0,0.0,0.0,0.0,0.0,0.0,0.0,0.0,0.0,0.0,0.0,0.0,0.0,0.0
203,DDFDEETKL,0.4324115369682965,0,0,3,2,1,0,0,0,1,1,0,0,0,0,0,0,1,0,0,0,0,0,0,0,0,0,0,0,0,0,0,0.0,0.0,1.2972346109048893,0.864823073936593,0.4324115369682965,0.0,0.0,0.0,0.4324115369682965,0.4324115369682965,0.0,0.0,0.0,0.0,0.0,0.0,0.4324115369682965,0.0,0.0,0.0,0.0,0.0,0.0,0.0,0.0,0.0,0.0,0.0,0.0,0.0,0.0
204,DLWKDIS,0.20646246956674572,0,0,2,0,0,0,0,1,1,1,0,0,0,0,0,1,0,0,1,0,0,0,0,0,0,0,0,0,0,0,0,0.0,0.0,0.41292493913349143,0.0,0.0,0.0,0.0,0.20646246956674572,0.20646246956674572,0.20646246956674572,0.0,0.0,0.0,0.0,0.0,0.20646246956674572,0.0,0.0,0.20646246956674572,0.0,0.0,0.0,0.0,0.0,0.0,0.0,0.0,0.0,0.0,0.0,0.0
205,IVGPIAGKT,0.0701685994080372,1,0,0,0,0,2,0,2,1,0,0,0,1,0,0,0,1,1,0,0,0,0,0,0,0,0,0,0,0,0,0,0.0701685994080372,0.0,0.0,0.0,0.0,0.1403371988160744,0.0,0.1403371988160744,0.0701685994080372,0.0,0.0,0.0,0.0701685994080372,0.0,0.0,0.0,0.0701685994080372,0.0701685994080372,0.0,0.0,0.0,0.0,0.0,0.0,0.0,0.0,0.0,0.0,0.0,0.0,0.0
206,EWTDDPHPR,0.11734076707730591,0,0,2,1,0,0,1,0,0,0,0,0,2,0,1,0,1,0,1,0,0,0,0,0,0,0,0,0,0,0,0,0.0,0.0,0.23468153415461182,0.11734076707730591,0.0,0.0,0.11734076707730591,0.0,0.0,0.0,0.0,0.0,0.23468153415461182,0.0,0.11734076707730591,0.0,0.11734076707730591,0.0,0.11734076707730591,0.0,0.0,0.0,0.0,0.0,0.0,0.0,0.0,0.0,0.0,0.0,0.0
207,YDFIPGK,0.1900364468961968,0,0,1,0,1,1,0,1,1,0,0,0,1,0,0,0,0,0,0,1,0,0,0,0,0,0,0,0,0,0,0,0.0,0.0,0.1900364468961968,0.0,0.1900364468961968,0.1900364468961968,0.0,0.1900364468961968,0.1900364468961968,0.0,0.0,0.0,0.1900364468961968,0.0,0.0,0.0,0.0,0.0,0.0,0.1900364468961968,0.0,0.0,0.0,0.0,0.0,0.0,0.0,0.0,0.0,0.0,0.0
208,NIDPNVGGF,0.012736485270702551,0,0,1,0,1,2,0,1,0,0,0,2,1,0,0,0,0,1,0,0,0,0,0,0,0,0,0,0,0,0,0,0.0,0.0,0.012736485270702551,0.0,0.012736485270702551,0.025472970541405102,0.0,0.012736485270702551,0.0,0.0,0.0,0.025472970541405102,0.012736485270702551,0.0,0.0,0.0,0.0,0.012736485270702551,0.0,0.0,0.0,0.0,0.0,0.0,0.0,0.0,0.0,0.0,0.0,0.0,0.0
209,GGTIGHPDGIQ,0.19458519163573343,0,0,1,0,0,4,1,2,0,0,0,0,1,1,0,0,1,0,0,0,0,0,0,0,0,0,0,0,0,0,0,0.0,0.0,0.19458519163573343,0.0,0.0,0.7783407665429337,0.19458519163573343,0.38917038327146686,0.0,0.0,0.0,0.0,0.19458519163573343,0.19458519163573343,0.0,0.0,0.19458519163573343,0.0,0.0,0.0,0.0,0.0,0.0,0.0,0.0,0.0,0.0,0.0,0.0,0.0,0.0
210,GGGTIGHPD,4.894112395686628,0,0,1,0,0,4,1,1,0,0,0,0,1,0,0,0,1,0,0,0,0,0,0,0,0,0,0,0,0,0,0,0.0,0.0,4.894112395686628,0.0,0.0,19.576449582746513,4.894112395686628,4.894112395686628,0.0,0.0,0.0,0.0,4.894112395686628,0.0,0.0,0.0,4.894112395686628,0.0,0.0,0.0,0.0,0.0,0.0,0.0,0.0,0.0,0.0,0.0,0.0,0.0,0.0
211,IGPGIGQGNAA,0.25569459066183153,2,0,0,0,0,4,0,2,0,0,0,1,1,1,0,0,0,0,0,0,0,0,0,0,0,0,0,0,0,0,0,0.5113891813236631,0.0,0.0,0.0,0.0,1.0227783626473261,0.0,0.5113891813236631,0.0,0.0,0.0,0.25569459066183153,0.25569459066183153,0.25569459066183153,0.0,0.0,0.0,0.0,0.0,0.0,0.0,0.0,0.0,0.0,0.0,0.0,0.0,0.0,0.0,0.0,0.0
212,QELEDLTK,0.05527988398742427,0,0,1,2,0,0,0,0,1,2,0,0,0,1,0,0,1,0,0,0,0,0,0,0,0,0,0,0,0,1,0,0.0,0.0,0.05527988398742427,0.11055976797484854,0.0,0.0,0.0,0.0,0.05527988398742427,0.11055976797484854,0.0,0.0,0.0,0.05527988398742427,0.0,0.0,0.05527988398742427,0.0,0.0,0.0,0.0,0.0,0.0,0.0,0.0,0.0,0.0,0.0,0.0,0.05527988398742427,0.0
213,MRDVPGTGN,0.21030924752548966,0,0,1,0,0,2,0,0,0,0,1,1,1,0,1,0,1,1,0,0,0,0,0,0,1,0,0,0,0,0,0,0.0,0.0,0.21030924752548966,0.0,0.0,0.4206184950509793,0.0,0.0,0.0,0.0,0.21030924752548966,0.21030924752548966,0.21030924752548966,0.0,0.21030924752548966,0.0,0.21030924752548966,0.21030924752548966,0.0,0.0,0.0,0.0,0.0,0.0,0.21030924752548966,0.0,0.0,0.0,0.0,0.0,0.0
214,GGSLPIVGEM,0.05076904545405045,0,0,0,1,0,3,0,1,0,1,1,0,1,0,0,1,0,1,0,0,0,0,0,0,0,0,0,0,0,0,0,0.0,0.0,0.0,0.05076904545405045,0.0,0.15230713636215135,0.0,0.05076904545405045,0.0,0.05076904545405045,0.05076904545405045,0.0,0.05076904545405045,0.0,0.0,0.05076904545405045,0.0,0.05076904545405045,0.0,0.0,0.0,0.0,0.0,0.0,0.0,0.0,0.0,0.0,0.0,0.0,0.0
215,IGHPDGIQA,0.8019268503775681,1,0,1,0,0,2,1,2,0,0,0,0,1,1,0,0,0,0,0,0,0,0,0,0,0,0,0,0,0,0,0,0.8019268503775681,0.0,0.8019268503775681,0.0,0.0,1.6038537007551361,0.8019268503775681,1.6038537007551361,0.0,0.0,0.0,0.0,0.8019268503775681,0.8019268503775681,0.0,0.0,0.0,0.0,0.0,0.0,0.0,0.0,0.0,0.0,0.0,0.0,0.0,0.0,0.0,0.0,0.0
216,VGLPPVDPDLYKD,0.06653997112578577,0,0,3,0,0,1,0,0,1,2,0,0,3,0,0,0,0,2,0,1,0,0,0,0,0,0,0,0,0,0,0,0.0,0.0,0.19961991337735732,0.0,0.0,0.06653997112578577,0.0,0.0,0.06653997112578577,0.13307994225157155,0.0,0.0,0.19961991337735732,0.0,0.0,0.0,0.0,0.13307994225157155,0.0,0.06653997112578577,0.0,0.0,0.0,0.0,0.0,0.0,0.0,0.0,0.0,0.0,0.0
217,HLFPETM,0.004776181976513457,0,0,0,1,1,0,1,0,0,1,1,0,1,0,0,0,1,0,0,0,0,0,0,0,0,0,0,0,0,0,0,0.0,0.0,0.0,0.004776181976513457,0.004776181976513457,0.0,0.004776181976513457,0.0,0.0,0.004776181976513457,0.004776181976513457,0.0,0.004776181976513457,0.0,0.0,0.0,0.004776181976513457,0.0,0.0,0.0,0.0,0.0,0.0,0.0,0.0,0.0,0.0,0.0,0.0,0.0,0.0
218,YRVDPVPN,1.0812745307940186,0,0,1,0,0,0,0,0,0,0,0,1,2,0,1,0,0,2,0,1,0,0,0,0,0,0,0,0,0,0,0,0.0,0.0,1.0812745307940186,0.0,0.0,0.0,0.0,0.0,0.0,0.0,0.0,1.0812745307940186,2.162549061588037,0.0,1.0812745307940186,0.0,0.0,2.162549061588037,0.0,1.0812745307940186,0.0,0.0,0.0,0.0,0.0,0.0,0.0,0.0,0.0,0.0,0.0
219,TEAPQNPK,0.18397145391014796,1,0,0,1,0,0,0,0,1,0,0,1,2,1,0,0,1,0,0,0,0,0,0,0,0,0,0,0,0,0,0,0.18397145391014796,0.0,0.0,0.18397145391014796,0.0,0.0,0.0,0.0,0.18397145391014796,0.0,0.0,0.18397145391014796,0.36794290782029593,0.18397145391014796,0.0,0.0,0.18397145391014796,0.0,0.0,0.0,0.0,0.0,0.0,0.0,0.0,0.0,0.0,0.0,0.0,0.0,0.0
220,WTDDPHPRNN,0.18397145391014796,0,0,2,0,0,0,1,0,0,0,0,2,2,0,1,0,1,0,1,0,0,0,0,0,0,0,0,0,0,0,0,0.0,0.0,0.36794290782029593,0.0,0.0,0.0,0.18397145391014796,0.0,0.0,0.0,0.0,0.36794290782029593,0.36794290782029593,0.0,0.18397145391014796,0.0,0.18397145391014796,0.0,0.18397145391014796,0.0,0.0,0.0,0.0,0.0,0.0,0.0,0.0,0.0,0.0,0.0,0.0
221,VLEDDFVK,0.09795595442571581,0,0,2,1,1,0,0,0,1,1,0,0,0,0,0,0,0,2,0,0,0,0,0,0,0,0,0,0,0,0,0,0.0,0.0,0.19591190885143162,0.09795595442571581,0.09795595442571581,0.0,0.0,0.0,0.09795595442571581,0.09795595442571581,0.0,0.0,0.0,0.0,0.0,0.0,0.0,0.19591190885143162,0.0,0.0,0.0,0.0,0.0,0.0,0.0,0.0,0.0,0.0,0.0,0.0,0.0
222,GDFEFGK,0.05685930924420782,0,0,1,1,2,2,0,0,1,0,0,0,0,0,0,0,0,0,0,0,0,0,0,0,0,0,0,0,0,0,0,0.0,0.0,0.05685930924420782,0.05685930924420782,0.11371861848841563,0.11371861848841563,0.0,0.0,0.05685930924420782,0.0,0.0,0.0,0.0,0.0,0.0,0.0,0.0,0.0,0.0,0.0,0.0,0.0,0.0,0.0,0.0,0.0,0.0,0.0,0.0,0.0,0.0
223,AAHIPDDG,0.04886741744488305,2,0,2,0,0,1,1,1,0,0,0,0,1,0,0,0,0,0,0,0,0,0,0,0,0,0,0,0,0,0,0,0.0977348348897661,0.0,0.0977348348897661,0.0,0.0,0.04886741744488305,0.04886741744488305,0.04886741744488305,0.0,0.0,0.0,0.0,0.04886741744488305,0.0,0.0,0.0,0.0,0.0,0.0,0.0,0.0,0.0,0.0,0.0,0.0,0.0,0.0,0.0,0.0,0.0,0.0
224,SDLNNPPPRPDLP,0.07198291354916293,0,0,2,0,0,0,0,0,0,2,0,2,5,0,1,1,0,0,0,0,0,0,0,0,0,0,0,0,0,0,0,0.0,0.0,0.14396582709832587,0.0,0.0,0.0,0.0,0.0,0.0,0.14396582709832587,0.0,0.14396582709832587,0.35991456774581465,0.0,0.07198291354916293,0.07198291354916293,0.0,0.0,0.0,0.0,0.0,0.0,0.0,0.0,0.0,0.0,0.0,0.0,0.0,0.0,0.0
225,WEFPDPNQE,0.13856824252847683,0,0,1,2,1,0,0,0,0,0,0,1,2,1,0,0,0,0,1,0,0,0,0,0,0,0,0,0,0,0,0,0.0,0.0,0.13856824252847683,0.27713648505695365,0.13856824252847683,0.0,0.0,0.0,0.0,0.0,0.0,0.13856824252847683,0.27713648505695365,0.13856824252847683,0.0,0.0,0.0,0.0,0.13856824252847683,0.0,0.0,0.0,0.0,0.0,0.0,0.0,0.0,0.0,0.0,0.0,0.0
226,TPQPGVDPVEA,0.07831651927818362,1,0,1,1,0,1,0,0,0,0,0,0,3,1,0,0,1,2,0,0,0,0,0,1,0,0,0,0,0,0,0,0.07831651927818362,0.0,0.07831651927818362,0.07831651927818362,0.0,0.07831651927818362,0.0,0.0,0.0,0.0,0.0,0.0,0.23494955783455085,0.07831651927818362,0.0,0.0,0.07831651927818362,0.15663303855636723,0.0,0.0,0.0,0.0,0.0,0.07831651927818362,0.0,0.0,0.0,0.0,0.0,0.0,0.0
227,KPSDPEEF,0.39138157863096384,0,0,1,2,1,0,0,0,1,0,0,0,2,0,0,1,0,0,0,0,0,0,0,0,0,0,0,0,0,0,0,0.0,0.0,0.39138157863096384,0.7827631572619277,0.39138157863096384,0.0,0.0,0.0,0.39138157863096384,0.0,0.0,0.0,0.7827631572619277,0.0,0.0,0.39138157863096384,0.0,0.0,0.0,0.0,0.0,0.0,0.0,0.0,0.0,0.0,0.0,0.0,0.0,0.0,0.0
228,MKDVTGE,0.12938651703570847,0,0,1,1,0,1,0,0,1,0,1,0,0,0,0,0,1,1,0,0,0,0,0,0,0,0,0,0,0,0,0,0.0,0.0,0.12938651703570847,0.12938651703570847,0.0,0.12938651703570847,0.0,0.0,0.12938651703570847,0.0,0.12938651703570847,0.0,0.0,0.0,0.0,0.0,0.12938651703570847,0.12938651703570847,0.0,0.0,0.0,0.0,0.0,0.0,0.0,0.0,0.0,0.0,0.0,0.0,0.0
229,NGRPIEA,0.16451293474657464,1,0,0,1,0,1,0,1,0,0,0,1,1,0,1,0,0,0,0,0,0,0,0,0,0,0,0,0,0,0,0,0.16451293474657464,0.0,0.0,0.16451293474657464,0.0,0.16451293474657464,0.0,0.16451293474657464,0.0,0.0,0.0,0.16451293474657464,0.16451293474657464,0.0,0.16451293474657464,0.0,0.0,0.0,0.0,0.0,0.0,0.0,0.0,0.0,0.0,0.0,0.0,0.0,0.0,0.0,0.0
230,PDLPIIGH,0.35379125751951535,0,0,1,0,0,1,1,2,0,1,0,0,2,0,0,0,0,0,0,0,0,0,0,0,0,0,0,0,0,0,0,0.0,0.0,0.35379125751951535,0.0,0.0,0.35379125751951535,0.35379125751951535,0.7075825150390307,0.0,0.35379125751951535,0.0,0.0,0.7075825150390307,0.0,0.0,0.0,0.0,0.0,0.0,0.0,0.0,0.0,0.0,0.0,0.0,0.0,0.0,0.0,0.0,0.0,0.0
231,KDVTGEGEF,0.2987570619053685,0,0,1,2,1,2,0,0,1,0,0,0,0,0,0,0,1,1,0,0,0,0,0,0,0,0,0,0,0,0,0,0.0,0.0,0.2987570619053685,0.597514123810737,0.2987570619053685,0.597514123810737,0.0,0.0,0.2987570619053685,0.0,0.0,0.0,0.0,0.0,0.0,0.0,0.2987570619053685,0.2987570619053685,0.0,0.0,0.0,0.0,0.0,0.0,0.0,0.0,0.0,0.0,0.0,0.0,0.0
232,EVEIKVPYDVN,0.018976076539683095,0,0,1,2,0,0,0,1,1,0,0,1,1,0,0,0,0,3,0,1,0,0,0,0,0,0,0,0,0,0,0,0.0,0.0,0.018976076539683095,0.03795215307936619,0.0,0.0,0.0,0.018976076539683095,0.018976076539683095,0.0,0.0,0.018976076539683095,0.018976076539683095,0.0,0.0,0.0,0.0,0.05692822961904928,0.0,0.018976076539683095,0.0,0.0,0.0,0.0,0.0,0.0,0.0,0.0,0.0,0.0,0.0
233,DLIDEAASSIR,0.04760100555717115,2,0,2,1,0,0,0,2,0,1,0,0,0,0,1,2,0,0,0,0,0,0,0,0,0,0,0,0,0,0,0,0.0952020111143423,0.0,0.0952020111143423,0.04760100555717115,0.0,0.0,0.0,0.0952020111143423,0.0,0.04760100555717115,0.0,0.0,0.0,0.0,0.04760100555717115,0.0952020111143423,0.0,0.0,0.0,0.0,0.0,0.0,0.0,0.0,0.0,0.0,0.0,0.0,0.0,0.0,0.0
234,LTDQQIEKQ,0.07154445429839087,0,0,1,1,0,0,0,1,1,1,0,0,0,3,0,0,1,0,0,0,0,0,0,0,0,0,0,0,0,0,0,0.0,0.0,0.07154445429839087,0.07154445429839087,0.0,0.0,0.0,0.07154445429839087,0.07154445429839087,0.07154445429839087,0.0,0.0,0.0,0.21463336289517262,0.0,0.0,0.07154445429839087,0.0,0.0,0.0,0.0,0.0,0.0,0.0,0.0,0.0,0.0,0.0,0.0,0.0,0.0
235,NNPVLIGEPG,0.2564986617016486,0,0,0,1,0,2,0,1,0,1,0,2,2,0,0,0,0,1,0,0,0,0,0,0,0,0,0,0,0,0,0,0.0,0.0,0.0,0.2564986617016486,0.0,0.5129973234032972,0.0,0.2564986617016486,0.0,0.2564986617016486,0.0,0.5129973234032972,0.5129973234032972,0.0,0.0,0.0,0.0,0.2564986617016486,0.0,0.0,0.0,0.0,0.0,0.0,0.0,0.0,0.0,0.0,0.0,0.0,0.0
236,TDQQIEKQ,0.21780274291045162,0,0,1,1,0,0,0,1,1,0,0,0,0,3,0,0,1,0,0,0,0,0,0,0,0,0,0,0,0,0,0,0.0,0.0,0.21780274291045162,0.21780274291045162,0.0,0.0,0.0,0.21780274291045162,0.21780274291045162,0.0,0.0,0.0,0.0,0.6534082287313548,0.0,0.0,0.21780274291045162,0.0,0.0,0.0,0.0,0.0,0.0,0.0,0.0,0.0,0.0,0.0,0.0,0.0,0.0
237,LVGGEGPEPMP,0.6995418046408599,0,0,0,2,0,3,0,0,0,1,1,0,3,0,0,0,0,1,0,0,0,0,0,0,0,0,0,0,0,0,0,0.0,0.0,0.0,1.3990836092817198,0.0,2.09862541392258,0.0,0.0,0.0,0.6995418046408599,0.6995418046408599,0.0,2.09862541392258,0.0,0.0,0.0,0.0,0.6995418046408599,0.0,0.0,0.0,0.0,0.0,0.0,0.0,0.0,0.0,0.0,0.0,0.0,0.0
238,MPEEDPKTDY,0.044400802818699174,0,0,2,2,0,0,0,0,1,0,1,0,2,0,0,0,1,0,0,1,0,0,0,0,0,0,0,0,0,0,0,0.0,0.0,0.08880160563739835,0.08880160563739835,0.0,0.0,0.0,0.0,0.044400802818699174,0.0,0.044400802818699174,0.0,0.08880160563739835,0.0,0.0,0.0,0.044400802818699174,0.0,0.0,0.044400802818699174,0.0,0.0,0.0,0.0,0.0,0.0,0.0,0.0,0.0,0.0,0.0
239,VGDPFKDTS,0.07547546827082993,0,0,2,0,1,1,0,0,1,0,0,0,1,0,0,1,1,1,0,0,0,0,0,0,0,0,0,0,0,0,0,0.0,0.0,0.15095093654165986,0.0,0.07547546827082993,0.07547546827082993,0.0,0.0,0.07547546827082993,0.0,0.0,0.0,0.07547546827082993,0.0,0.0,0.07547546827082993,0.07547546827082993,0.07547546827082993,0.0,0.0,0.0,0.0,0.0,0.0,0.0,0.0,0.0,0.0,0.0,0.0,0.0
240,LDRTEGAGR,0.009336158184542765,1,0,1,1,0,2,0,0,0,1,0,0,0,0,2,0,1,0,0,0,0,0,0,0,0,0,0,0,0,0,0,0.009336158184542765,0.0,0.009336158184542765,0.009336158184542765,0.0,0.01867231636908553,0.0,0.0,0.0,0.009336158184542765,0.0,0.0,0.0,0.0,0.01867231636908553,0.0,0.009336158184542765,0.0,0.0,0.0,0.0,0.0,0.0,0.0,0.0,0.0,0.0,0.0,0.0,0.0,0.0
241,LGGSLPIVGEM,0.024122131194512408,0,0,0,1,0,3,0,1,0,2,1,0,1,0,0,1,0,1,0,0,0,0,0,0,0,0,0,0,0,0,0,0.0,0.0,0.0,0.024122131194512408,0.0,0.07236639358353722,0.0,0.024122131194512408,0.0,0.048244262389024815,0.024122131194512408,0.0,0.024122131194512408,0.0,0.0,0.024122131194512408,0.0,0.024122131194512408,0.0,0.0,0.0,0.0,0.0,0.0,0.0,0.0,0.0,0.0,0.0,0.0,0.0
242,MRDVPGTGNEF,0.03779133887140277,0,0,1,1,1,2,0,0,0,0,1,1,1,0,1,0,1,1,0,0,0,0,0,0,0,0,0,0,0,0,0,0.0,0.0,0.03779133887140277,0.03779133887140277,0.03779133887140277,0.07558267774280554,0.0,0.0,0.0,0.0,0.03779133887140277,0.03779133887140277,0.03779133887140277,0.0,0.03779133887140277,0.0,0.03779133887140277,0.03779133887140277,0.0,0.0,0.0,0.0,0.0,0.0,0.0,0.0,0.0,0.0,0.0,0.0,0.0
243,DQPHENF,11.018070591322047,0,0,1,1,1,0,1,0,0,0,0,1,1,1,0,0,0,0,0,0,0,0,0,0,0,0,0,0,0,0,0,0.0,0.0,11.018070591322047,11.018070591322047,11.018070591322047,0.0,11.018070591322047,0.0,0.0,0.0,0.0,11.018070591322047,11.018070591322047,11.018070591322047,0.0,0.0,0.0,0.0,0.0,0.0,0.0,0.0,0.0,0.0,0.0,0.0,0.0,0.0,0.0,0.0,0.0
244,TGPAGKVM,0.05439540584362548,1,0,0,0,0,2,0,0,1,0,1,0,1,0,0,0,1,1,0,0,0,1,0,0,0,0,0,0,0,0,0,0.05439540584362548,0.0,0.0,0.0,0.0,0.10879081168725097,0.0,0.0,0.05439540584362548,0.0,0.05439540584362548,0.0,0.05439540584362548,0.0,0.0,0.0,0.05439540584362548,0.05439540584362548,0.0,0.0,0.0,0.05439540584362548,0.0,0.0,0.0,0.0,0.0,0.0,0.0,0.0,0.0
245,AAIGPGIGQ,0.29286054094670994,2,0,0,0,0,3,0,2,0,0,0,0,1,1,0,0,0,0,0,0,0,0,0,0,0,0,0,0,0,0,0,0.5857210818934199,0.0,0.0,0.0,0.0,0.8785816228401298,0.0,0.5857210818934199,0.0,0.0,0.0,0.0,0.29286054094670994,0.29286054094670994,0.0,0.0,0.0,0.0,0.0,0.0,0.0,0.0,0.0,0.0,0.0,0.0,0.0,0.0,0.0,0.0,0.0
246,LDDADQERFD,0.09163193569755447,1,0,4,1,1,0,0,0,0,1,0,0,0,1,1,0,0,0,0,0,0,0,0,0,0,0,0,0,0,0,0,0.09163193569755447,0.0,0.3665277427902179,0.09163193569755447,0.09163193569755447,0.0,0.0,0.0,0.0,0.09163193569755447,0.0,0.0,0.0,0.09163193569755447,0.09163193569755447,0.0,0.0,0.0,0.0,0.0,0.0,0.0,0.0,0.0,0.0,0.0,0.0,0.0,0.0,0.0,0.0
247,VDAPGHKD,0.008159310876543821,1,0,2,0,0,1,1,0,1,0,0,0,1,0,0,0,0,1,0,0,0,0,0,0,0,0,0,0,0,0,0,0.008159310876543821,0.0,0.016318621753087643,0.0,0.0,0.008159310876543821,0.008159310876543821,0.0,0.008159310876543821,0.0,0.0,0.0,0.008159310876543821,0.0,0.0,0.0,0.0,0.008159310876543821,0.0,0.0,0.0,0.0,0.0,0.0,0.0,0.0,0.0,0.0,0.0,0.0,0.0
248,DFGKPDLGDKEE,0.2343867081066789,0,0,3,2,1,2,0,0,2,1,0,0,1,0,0,0,0,0,0,0,0,0,0,0,0,0,0,0,0,0,0,0.0,0.0,0.7031601243200367,0.4687734162133578,0.2343867081066789,0.4687734162133578,0.0,0.0,0.4687734162133578,0.2343867081066789,0.0,0.0,0.2343867081066789,0.0,0.0,0.0,0.0,0.0,0.0,0.0,0.0,0.0,0.0,0.0,0.0,0.0,0.0,0.0,0.0,0.0,0.0
249,DNDPSAPPH,0.20244721958061154,1,0,2,0,0,0,1,0,0,0,0,1,3,0,0,1,0,0,0,0,0,0,0,0,0,0,0,0,0,0,0,0.20244721958061154,0.0,0.4048944391612231,0.0,0.0,0.0,0.20244721958061154,0.0,0.0,0.0,0.0,0.20244721958061154,0.6073416587418347,0.0,0.0,0.20244721958061154,0.0,0.0,0.0,0.0,0.0,0.0,0.0,0.0,0.0,0.0,0.0,0.0,0.0,0.0,0.0
250,AMIK,0.0,2,0,0,1,0,0,0,1,1,1,1,0,2,0,0,0,0,2,0,0,0,0,1,2,0,0,0,0,0,0,0,0.0,0.0,0.0,0.0,0.0,0.0,0.0,0.0,0.0,0.0,0.0,0.0,0.0,0.0,0.0,0.0,0.0,0.0,0.0,0.0,0.0,0.0,0.0,0.0,0.0,0.0,0.0,0.0,0.0,0.0,0.0
251,TIGHPDGIQ,0.11360630380348881,0,0,1,0,0,2,1,2,0,0,0,0,1,1,0,0,1,0,0,0,0,0,0,0,0,0,0,0,0,0,0,0.0,0.0,0.11360630380348881,0.0,0.0,0.22721260760697762,0.11360630380348881,0.22721260760697762,0.0,0.0,0.0,0.0,0.11360630380348881,0.11360630380348881,0.0,0.0,0.11360630380348881,0.0,0.0,0.0,0.0,0.0,0.0,0.0,0.0,0.0,0.0,0.0,0.0,0.0,0.0
