Peptide,-10lgP,Mass,Length,ppm,m/z,RT,Area 110717-weissrot-day2,Fraction,Scan,Source File,#Spec,#Spec 110717-weissrot-day2,Accession,PTM,AScore
SDGTISIR,44.86,847.4399,8,4.8,424.7293,62.96,0,2,29638,111217_318_rotd2_1.mgf,1,1,tr|A0A089X9B4|A0A089X9B4_THAWE,,
LGANVSSAQGP,44.80,999.4985,11,-12.4,500.7503,52.51,0,2,24250,111217_318_rotd2_1.mgf,1,1,tr|A0A089VQD6|A0A089VQD6_THAWE,,
KDVDAAFMNK,42.61,1137.5488,10,0.8,569.7822,77.74,0,2,37889,111217_318_rotd2_1.mgf,2,2,,,
SFPC(+57.02)DGPGR,42.34,991.4182,9,7.0,496.7198,72.82,0,2,35233,111217_318_rotd2_1.mgf,1,1,tr|A0A089VIJ5|A0A089VIJ5_THAWE,Carbamidomethylation,C4:Carbamidomethylation:1000.00
TGEPALDLPK,37.95,1039.5549,10,-12.6,520.7782,55.61,0,2,25836,111217_318_rotd2_1.mgf,2,2,tr|A0A089VKF6|A0A089VKF6_THAWE,,
NALDRARM(+15.99)R,36.32,1117.5774,9,-2.6,559.7945,69.89,0,2,33630,111217_318_rotd2_1.mgf,1,1,tr|A0A089VQE9|A0A089VQE9_THAWE,Oxidation (M),M8:Oxidation (M):1000.00
ADIPFR,33.98,717.3809,6,13.6,359.7026,53.55,0,2,24793,111217_318_rotd2_1.mgf,2,2,tr|A0A089VKF6|A0A089VKF6_THAWE,,
ADLGIEVM(+15.99)HER,32.82,1284.6132,11,4.7,429.2137,80.81,0,2,39502,111217_318_rotd2_1.mgf,2,2,tr|A0A089VPE6|A0A089VPE6_THAWE,Oxidation (M),M8:Oxidation (M):1000.00
TLETELIK,32.74,945.5382,8,-2.6,473.7751,78.12,0,2,38078,111217_318_rotd2_1.mgf,1,1,tr|A0A089VKH6|A0A089VKH6_THAWE,,
HGDSVRNSK,31.59,998.4893,9,-3.3,500.2503,62.77,0,2,29546,111217_318_rotd2_1.mgf,1,1,,,
DPATVMFELNEAR,31.27,1491.7028,13,0.0,746.8586,79.93,0,2,39070,111217_318_rotd2_1.mgf,1,1,tr|A0A089VKD8|A0A089VKD8_THAWE,,
AAESRM(+15.99)GSGK,31.25,1008.4658,10,-4.7,505.2378,57.10,0,2,26476,111217_318_rotd2_1.mgf,1,1,tr|A0A089VKM0|A0A089VKM0_THAWE,Oxidation (M),M6:Oxidation (M):1000.00
IIATYK,30.82,707.4218,6,1.3,354.7186,60.63,0,2,28403,111217_318_rotd2_1.mgf,1,1,tr|A0A089VKP0|A0A089VKP0_THAWE,,
LGANVSSAQG,30.67,902.4457,10,7.6,452.2336,52.60,0,2,24307,111217_318_rotd2_1.mgf,1,1,tr|A0A089VQD6|A0A089VQD6_THAWE,,
DEFVK,30.54,636.3119,5,-2.1,637.3178,71.57,0,2,34554,111217_318_rotd2_1.mgf,1,1,tr|B5A4Q2|B5A4Q2_THAWE,,
SPVVSGDTSPR,30.14,1100.5461,11,-5.6,551.2773,73.42,0,2,35546,111217_318_rotd2_1.mgf,1,1,,,
NLDLDSIIAEVK,30.09,1328.7188,12,3.4,665.3689,79.45,0,2,38799,111217_318_rotd2_1.mgf,1,1,,,
QNQEYQVLLDVK,29.98,1475.7620,12,-7.2,492.9244,62.86,0,2,29591,111217_318_rotd2_1.mgf,1,1,,,
EGGQLTEAVR,29.98,1058.5356,10,0.8,530.2755,65.87,0,2,31347,111217_318_rotd2_1.mgf,2,2,tr|A0A089X9B4|A0A089X9B4_THAWE,,
VTALMPWVQETLAAN,29.83,1642.8389,15,6.6,822.4321,87.79,0,2,43474,111217_318_rotd2_1.mgf,1,1,,,
IAVMDSNRL,29.74,1017.5277,9,6.7,509.7745,53.62,0,2,24843,111217_318_rotd2_1.mgf,2,2,tr|B5A4Q2|B5A4Q2_THAWE,,
WLPAMSERVTR,29.66,1344.6973,11,-5.8,673.3520,56.36,0,2,26128,111217_318_rotd2_1.mgf,1,1,,,
TLAQNC(+57.02)GVSVIR,29.09,1316.6870,12,8.6,439.9067,60.88,0,2,28535,111217_318_rotd2_1.mgf,2,2,sp|Q9LKI7|TCPG_THAWE,Carbamidomethylation,C6:Carbamidomethylation:1000.00
WWSGNAR,28.81,875.4038,7,2.2,876.4130,61.63,0,2,28910,111217_318_rotd2_1.mgf,2,2,tr|A0A089VQD6|A0A089VQD6_THAWE,,
LNGAVAGTDLEGK,28.58,1243.6407,13,12.8,622.8356,87.82,0,2,43495,111217_318_rotd2_1.mgf,1,1,tr|Q2UZU7|Q2UZU7_THAWE,,
SISIVGSYVGNR,27.73,1250.6619,12,3.1,626.3401,71.56,0,2,34545,111217_318_rotd2_1.mgf,1,1,,,
LAQLSESFSGAEIR,27.72,1506.7678,14,-13.0,503.2567,54.69,0,2,25357,111217_318_rotd2_1.mgf,1,1,tr|A0A089VKP0|A0A089VKP0_THAWE,,
EGVSLWER,27.71,974.4821,8,-8.5,975.4811,81.38,0,2,39789,111217_318_rotd2_1.mgf,3,3,tr|A0A089VPE6|A0A089VPE6_THAWE,,
NWASSGRIR,27.59,1045.5417,9,-1.2,523.7775,58.08,0,2,26983,111217_318_rotd2_1.mgf,1,1,tr|A0A089VKP0|A0A089VKP0_THAWE,,
DTDVLALFR,27.59,1048.5553,9,-11.1,525.2791,66.11,0,2,31489,111217_318_rotd2_1.mgf,1,1,tr|A0A089VQA3|A0A089VQA3_THAWE,,
GMPGAPLLPEGPR,27.58,1290.6754,13,-10.0,646.3385,69.75,0,2,33551,111217_318_rotd2_1.mgf,1,1,,,
GGPENSNLSAAGAGR,27.48,1356.6382,15,-5.1,679.3229,66.68,0,2,31823,111217_318_rotd2_1.mgf,1,1,tr|Q9Y0F8|Q9Y0F8_THAWE,,
SPGVYFEK,27.41,925.4545,8,14.4,463.7411,62.41,0,2,29349,111217_318_rotd2_1.mgf,1,1,tr|A0A089VQC7|A0A089VQC7_THAWE,,
GDVLPVAFTAPAV,27.39,1255.6812,13,14.0,628.8566,81.07,0,2,39624,111217_318_rotd2_1.mgf,1,1,tr|A0A089VPE6|A0A089VPE6_THAWE,,
LVLQIDNAK,27.38,1012.5917,9,9.7,507.3080,85.35,0,2,42003,111217_318_rotd2_1.mgf,2,2,,,
VENVYDSLNNVKER,27.33,1677.8322,14,7.3,560.2888,82.68,0,2,40472,111217_318_rotd2_1.mgf,1,1,tr|A0A089VIV1|A0A089VIV1_THAWE,,
GPNGLDINK,27.31,926.4821,9,-10.8,464.2433,50.37,0,2,23416,111217_318_rotd2_1.mgf,2,2,tr|A0A089VQD6|A0A089VQD6_THAWE,,
M(+15.99)GYWDAAYTVK,27.17,1319.5856,11,9.7,660.8065,78.07,0,2,38050,111217_318_rotd2_1.mgf,1,1,tr|A0A089VQA3|A0A089VQA3_THAWE,Oxidation (M),M1:Oxidation (M):1000.00
FVSTTYSGVTR,26.98,1216.6088,11,-8.3,406.5402,66.81,0,2,31881,111217_318_rotd2_1.mgf,1,1,,,
GLLESEDSK,26.83,976.4713,9,-8.6,489.2387,70.37,0,2,33903,111217_318_rotd2_1.mgf,1,1,,,
SPSGEIIFGGETMR,26.31,1479.7028,14,0.6,740.8591,73.13,0,2,35386,111217_318_rotd2_1.mgf,1,1,tr|A0A089VQD6|A0A089VQD6_THAWE,,
ATHGDPHALK,26.30,1045.5305,10,-5.8,1046.5317,75.84,0,2,36864,111217_318_rotd2_1.mgf,1,1,,,
QVGVTVDFYGGK,26.29,1268.6400,12,-9.7,635.3211,87.70,0,2,43405,111217_318_rotd2_1.mgf,1,1,tr|A0A089VKF6|A0A089VKF6_THAWE,,
ALASLMTYK,26.16,996.5314,9,-2.7,499.2716,76.81,0,2,37414,111217_318_rotd2_1.mgf,1,1,,,
ASLEALSTGIK,26.10,1088.6077,11,-7.6,545.3069,75.79,0,2,36833,111217_318_rotd2_1.mgf,1,1,tr|A0A089VPD1|A0A089VPD1_THAWE,,
EGDPLMIK,26.10,901.4579,8,-11.5,902.4548,76.77,0,2,37392,111217_318_rotd2_1.mgf,2,2,tr|A0A089VQA3|A0A089VQA3_THAWE:tr|H9BE90|H9BE90_THAWE,,
APWVEPLRGPN,26.01,1234.6458,11,-1.1,618.3295,86.30,0,2,42570,111217_318_rotd2_1.mgf,1,1,tr|A0A089VQD6|A0A089VQD6_THAWE,,
QMNDEK,26.00,763.3170,6,9.1,764.3312,50.38,0,2,23417,111217_318_rotd2_1.mgf,1,1,,,
FSQALAQDPATRR,25.90,1459.7532,13,1.0,487.5922,63.06,0,2,29704,111217_318_rotd2_1.mgf,2,2,tr|A0A089VIJ5|A0A089VIJ5_THAWE,,
TPPAPK,25.76,609.3486,6,-1.3,305.6812,74.37,0,2,36049,111217_318_rotd2_1.mgf,4,4,,,
FLLYPLGQASWFF,25.49,1587.8125,13,-10.6,794.9051,93.40,0,2,46482,111217_318_rotd2_1.mgf,1,1,tr|A0A089VKI3|A0A089VKI3_THAWE,,
SYRVSSGHR,25.43,1047.5210,9,5.8,524.7708,77.44,0,2,37746,111217_318_rotd2_1.mgf,1,1,,,
AAEVVQR,25.39,771.4239,7,-9.6,386.7155,52.65,0,2,24354,111217_318_rotd2_1.mgf,1,1,tr|Q9Y0F8|Q9Y0F8_THAWE,,
IWYGIATAH,25.37,1030.5236,9,10.2,516.2743,63.36,0,2,29916,111217_318_rotd2_1.mgf,1,1,tr|A0A089VIJ5|A0A089VIJ5_THAWE,,
LVNELTEFAK,25.18,1162.6233,10,11.6,388.5529,76.03,0,2,36997,111217_318_rotd2_1.mgf,1,1,,,
SYSVQSNPEGSR,25.10,1309.5898,12,-13.9,655.7931,64.36,0,2,30470,111217_318_rotd2_1.mgf,1,1,tr|A0A089VKD8|A0A089VKD8_THAWE,,
IQVYSRHPAENGK,25.06,1497.7688,13,-1.9,749.8903,88.63,0,2,43959,111217_318_rotd2_1.mgf,1,1,,,
KDVDGAYMTK,25.03,1126.5328,10,-4.9,564.2709,55.07,0,2,25535,111217_318_rotd2_1.mgf,2,2,,,
AAAAGFEKGINR,25.03,1203.6360,12,-8.7,602.8200,85.36,0,2,42013,111217_318_rotd2_1.mgf,1,1,tr|A0A089VQD6|A0A089VQD6_THAWE,,
TGAQELLR,24.99,886.4872,8,-14.0,887.4821,68.07,0,2,32595,111217_318_rotd2_1.mgf,1,1,,,
LEVNEDR,24.82,873.4192,7,2.6,874.4288,79.00,0,2,38599,111217_318_rotd2_1.mgf,1,1,gi|54036848,,
IIGGIAGTPM(+15.99)EDSK,24.80,1403.6967,14,4.9,702.8590,92.84,0,2,46236,111217_318_rotd2_1.mgf,1,1,tr|A0A089VP72|A0A089VP72_THAWE,Oxidation (M),M10:Oxidation (M):1000.00
MSIPETQK,24.59,932.4637,8,-7.4,467.2357,51.46,0,2,23785,111217_318_rotd2_1.mgf,1,1,,,
TGVNGDSR,24.54,804.3726,8,5.1,403.1956,58.47,0,2,27205,111217_318_rotd2_1.mgf,1,1,,,
PLNKIGLSEQEK,24.49,1354.7456,12,13.2,678.3890,91.81,0,2,45689,111217_318_rotd2_1.mgf,1,1,tr|A0A089X9B4|A0A089X9B4_THAWE,,
AGNSTYAR,24.39,838.3933,8,14.5,839.4128,70.68,0,2,34084,111217_318_rotd2_1.mgf,1,1,tr|A0A089VQA3|A0A089VQA3_THAWE:tr|H9BE90|H9BE90_THAWE,,
SPSGEIIFGGETM(+15.99)R,24.31,1495.6976,14,1.5,748.8572,83.57,0,2,41025,111217_318_rotd2_1.mgf,1,1,tr|A0A089VQD6|A0A089VQD6_THAWE,Oxidation (M),M13:Oxidation (M):1000.00
GGSSSGGGYGSGGGGSSSVK,24.28,1587.6760,20,12.1,794.8549,84.35,0,2,41409,111217_318_rotd2_1.mgf,1,1,,,
KDAEAWFNEK,24.26,1236.5774,10,2.2,413.2007,51.40,0,2,23757,111217_318_rotd2_1.mgf,1,1,,,
ATAAIENAETSK,24.16,1204.5935,12,12.2,603.3114,86.64,0,2,42805,111217_318_rotd2_1.mgf,2,2,tr|A0A089X936|A0A089X936_THAWE,,
LAPDNYPR,24.12,944.4716,8,8.6,473.2471,58.11,0,2,26988,111217_318_rotd2_1.mgf,1,1,tr|A0A089VKH2|A0A089VKH2_THAWE,,
AGEEPLGVGSVAAGGR,24.09,1425.7212,16,13.9,476.2543,72.07,0,2,34850,111217_318_rotd2_1.mgf,1,1,,,
ENDM(+15.99)LLHLHR,24.09,1292.6295,10,4.5,431.8857,80.91,0,2,39555,111217_318_rotd2_1.mgf,3,3,tr|A0A089VQA3|A0A089VQA3_THAWE:tr|H9BE90|H9BE90_THAWE,Oxidation (M),M4:Oxidation (M):1000.00
SAKELR,23.95,702.4024,6,10.6,703.4171,70.74,0,2,34106,111217_318_rotd2_1.mgf,1,1,,,
M(+15.99)VTHYAVSK,23.84,1050.5168,9,-7.9,526.2615,53.60,0,2,24833,111217_318_rotd2_1.mgf,1,1,,Oxidation (M),M1:Oxidation (M):1000.00
SIIPS,23.79,515.2955,5,0.8,516.3032,75.81,0,2,36848,111217_318_rotd2_1.mgf,2,2,tr|A0A089VPE6|A0A089VPE6_THAWE,,
QLGQNQSLLSK,23.63,1214.6619,11,-5.1,405.8925,60.08,0,2,28118,111217_318_rotd2_1.mgf,1,1,tr|A0A089VKM6|A0A089VKM6_THAWE,,
LGLSGKNYGR,23.63,1063.5774,10,0.8,532.7964,60.54,0,2,28356,111217_318_rotd2_1.mgf,1,1,tr|A0A089VQA3|A0A089VQA3_THAWE:tr|H9BE90|H9BE90_THAWE,,
DPAATSVAAARK,23.57,1156.6200,12,-4.2,579.3148,84.69,0,2,41673,111217_318_rotd2_1.mgf,1,1,,,
SLESDGVFR,23.56,1008.4876,9,-1.8,505.2502,60.93,0,2,28560,111217_318_rotd2_1.mgf,1,1,tr|A0A089VKF6|A0A089VKF6_THAWE,,
SDLNGK,23.54,632.3129,6,6.7,633.3245,80.50,0,2,39351,111217_318_rotd2_1.mgf,1,1,,,
TSLESDGVFR,23.52,1109.5353,10,3.1,555.7766,73.85,0,2,35808,111217_318_rotd2_1.mgf,2,2,tr|A0A089VKF6|A0A089VKF6_THAWE,,
ISGLGPGGFDR,23.50,1074.5458,11,14.2,538.2878,60.72,0,2,28447,111217_318_rotd2_1.mgf,1,1,tr|A0A089VQC7|A0A089VQC7_THAWE,,
ELDVDGIIAEI,23.34,1185.6128,11,6.7,396.2142,81.84,0,2,40080,111217_318_rotd2_1.mgf,1,1,,,
GEIATTESR,23.31,962.4669,9,14.4,963.4880,76.66,0,2,37340,111217_318_rotd2_1.mgf,1,1,tr|A0A089VIM8|A0A089VIM8_THAWE,,
EHANVILPNNDR,23.27,1390.6953,12,-1.2,696.3541,90.78,0,2,45180,111217_318_rotd2_1.mgf,1,1,,,
RPDNFVFGQ,23.27,1078.5195,9,-1.5,540.2662,54.62,0,2,25309,111217_318_rotd2_1.mgf,1,1,sp|Q9LKI8|TBB_THAWE:tr|Q93WA7|Q93WA7_THAWE,,
TGAGNFLR,23.14,834.4348,8,-11.5,418.2198,59.04,0,2,27499,111217_318_rotd2_1.mgf,1,1,tr|A0A089VQC1|A0A089VQC1_THAWE,,
DQRLGANVSS,23.02,1045.5153,10,13.2,523.7718,52.57,0,2,24291,111217_318_rotd2_1.mgf,1,1,tr|A0A089VQD6|A0A089VQD6_THAWE,,
ESGVIPYAK,23.01,962.5073,9,11.0,482.2662,73.19,0,2,35416,111217_318_rotd2_1.mgf,1,1,tr|A0A089VQA3|A0A089VQA3_THAWE,,
ELLTEYNR,22.83,1036.5189,8,-9.6,519.2618,63.72,0,2,30090,111217_318_rotd2_1.mgf,1,1,tr|A0A089X939|A0A089X939_THAWE,,
TPPAPKTPPSSGEPPK,22.78,1586.8303,16,-14.0,529.9433,79.05,0,2,38638,111217_318_rotd2_1.mgf,1,1,,,
NTTIPVK,22.65,771.4490,7,6.4,386.7343,64.65,0,2,30647,111217_318_rotd2_1.mgf,1,1,tr|A0A089VQG9|A0A089VQG9_THAWE,,
DGIIR,22.61,572.3282,5,-14.2,573.3273,58.34,0,2,27107,111217_318_rotd2_1.mgf,1,1,tr|A0A089VKF6|A0A089VKF6_THAWE,,
YDC(+57.02)PEFLKNNIVLALDL,22.54,2036.0288,17,6.2,679.6877,82.65,0,2,40457,111217_318_rotd2_1.mgf,1,1,tr|A0A089X9B4|A0A089X9B4_THAWE,Carbamidomethylation,C3:Carbamidomethylation:1000.00
DAAYTVK,22.39,766.3861,7,1.3,767.3944,85.03,0,2,41889,111217_318_rotd2_1.mgf,2,2,tr|A0A089VQA3|A0A089VQA3_THAWE,,
FTTGPEYLSQKVI,22.37,1481.7766,13,-1.0,741.8948,88.41,0,2,43799,111217_318_rotd2_1.mgf,1,1,tr|A0A089VP57|A0A089VP57_THAWE,,
TVESR,22.30,590.3024,5,7.8,591.3143,66.16,0,2,31521,111217_318_rotd2_1.mgf,1,1,,,
IGGVM(+15.99)IMGDR,22.27,1063.5154,10,1.1,532.7656,83.26,0,2,40808,111217_318_rotd2_1.mgf,1,1,tr|A0A089VKH6|A0A089VKH6_THAWE,Oxidation (M),M5:Oxidation (M):17.01
GALDSGGVK,22.23,802.4185,9,-4.1,402.2149,57.98,0,2,26932,111217_318_rotd2_1.mgf,2,2,tr|A0A089VPD6|A0A089VPD6_THAWE,,
MPGPQAGANVTK,22.23,1169.5863,12,7.3,585.8047,61.36,0,2,28783,111217_318_rotd2_1.mgf,1,1,tr|Q6V8K7|Q6V8K7_THAWE,,
LEAGLC(+57.02)LYGN,22.20,1108.5222,10,-6.2,555.2650,56.89,0,2,26381,111217_318_rotd2_1.mgf,1,1,tr|Q6U9Y5|Q6U9Y5_THAWE,Carbamidomethylation,C6:Carbamidomethylation:1000.00
LYEEEIR,22.17,950.4709,7,-2.5,476.2415,75.15,0,2,36468,111217_318_rotd2_1.mgf,1,1,,,
GGIRYSTDVSVDEVK,22.11,1623.8104,15,0.8,542.2778,92.08,0,2,45823,111217_318_rotd2_1.mgf,1,1,,,
LQAM(+15.99)AEER,22.11,962.4491,8,-2.2,482.2308,62.05,0,2,29149,111217_318_rotd2_1.mgf,1,1,tr|B5A4Q2|B5A4Q2_THAWE,Oxidation (M),M4:Oxidation (M):1000.00
EGELLPVK,21.98,883.5015,8,0.3,884.5090,83.57,0,2,41029,111217_318_rotd2_1.mgf,1,1,tr|B5A4Q2|B5A4Q2_THAWE,,
QLATNQK,21.98,801.4344,7,11.2,401.7290,62.11,0,2,29194,111217_318_rotd2_1.mgf,1,1,tr|A0A089VIN8|A0A089VIN8_THAWE,,
AAFGGSGGR,21.91,778.3722,9,-7.0,779.3740,83.88,0,2,41193,111217_318_rotd2_1.mgf,1,1,,,
EIIFGGETMR,21.90,1151.5645,10,-4.6,576.7869,66.74,0,2,31856,111217_318_rotd2_1.mgf,1,1,tr|A0A089VQD6|A0A089VQD6_THAWE,,
NLLFNDNTEC(+57.02)LA,21.82,1422.6449,12,-4.3,712.3267,76.17,0,2,37072,111217_318_rotd2_1.mgf,1,1,,Carbamidomethylation,C10:Carbamidomethylation:1000.00
LTAEIENAK,21.79,987.5236,9,-3.2,988.5278,78.99,0,2,38580,111217_318_rotd2_1.mgf,1,1,,,
GDDVLLTK,21.74,859.4651,8,-0.8,430.7395,54.77,0,2,25391,111217_318_rotd2_1.mgf,2,2,tr|A0A089VIN8|A0A089VIN8_THAWE,,
NHEEEVGSLR,21.72,1168.5472,10,5.7,585.2842,74.88,0,2,36315,111217_318_rotd2_1.mgf,1,1,,,
VSENFAYVVEK,21.71,1283.6398,11,-2.9,428.8860,53.54,0,2,24780,111217_318_rotd2_1.mgf,1,1,tr|Q5K650|Q5K650_THAWE,,
DVDGAYMTK,21.68,998.4379,9,13.9,500.2332,64.53,0,2,30582,111217_318_rotd2_1.mgf,1,1,,,
DAPTVKK,21.64,757.4333,7,-4.9,379.7221,55.47,0,2,25739,111217_318_rotd2_1.mgf,1,1,tr|A0A089VKF6|A0A089VKF6_THAWE,,
GSSSGGVK,21.64,677.3344,8,9.3,678.3480,55.24,0,2,25614,111217_318_rotd2_1.mgf,1,1,,,
TPC(+57.02)KGGIR,21.51,887.4647,8,-7.9,444.7361,66.64,0,2,31801,111217_318_rotd2_1.mgf,1,1,,Carbamidomethylation,C3:Carbamidomethylation:1000.00
TVDLDGK,21.43,746.3810,7,-4.4,747.3849,71.03,0,2,34251,111217_318_rotd2_1.mgf,1,1,tr|A0A089X960|A0A089X960_THAWE,,
RQLDC(+57.02)VS,21.20,876.4124,7,9.9,439.2178,71.35,0,2,34437,111217_318_rotd2_1.mgf,1,1,,Carbamidomethylation,C5:Carbamidomethylation:1000.00
VSEGLSESQAWSR,21.08,1434.6738,13,1.0,718.3449,83.43,0,2,40926,111217_318_rotd2_1.mgf,1,1,tr|A0A089VKF6|A0A089VKF6_THAWE,,
TGEGK,20.99,490.2387,5,8.7,491.2502,74.68,0,2,36216,111217_318_rotd2_1.mgf,1,1,tr|A0A089X9C4|A0A089X9C4_THAWE,,
WLAYNDTIR,20.95,1150.5771,9,-5.6,576.2926,69.95,0,2,33666,111217_318_rotd2_1.mgf,1,1,tr|A0A089VQC7|A0A089VQC7_THAWE,,
RSEMEAQNQEYK,20.91,1511.6675,12,-9.9,756.8335,77.95,0,2,37993,111217_318_rotd2_1.mgf,1,1,,,
SLVGLGGTK,20.91,830.4861,9,0.0,416.2504,58.21,0,2,27035,111217_318_rotd2_1.mgf,1,1,,,
SIPDVIK,20.88,770.4538,7,-2.7,386.2331,60.12,0,2,28136,111217_318_rotd2_1.mgf,1,1,tr|A0A089X999|A0A089X999_THAWE,,
DMASNYK,20.87,827.3483,7,-9.7,828.3476,72.65,0,2,35135,111217_318_rotd2_1.mgf,1,1,,,
EGGQLTEAVRR,20.84,1214.6367,11,5.6,608.3290,84.99,0,2,41867,111217_318_rotd2_1.mgf,1,1,tr|A0A089X9B4|A0A089X9B4_THAWE,,
EALVKGNPPIYRFWK,20.83,1816.9988,15,-9.1,606.6680,87.83,0,2,43505,111217_318_rotd2_1.mgf,1,1,,,
RGSDNTRMGGPK,20.70,1274.6150,12,-12.4,638.3069,59.24,0,2,27616,111217_318_rotd2_1.mgf,1,1,tr|Q50EL4|Q50EL4_THAWE,,
KPIAMGYVEK,20.68,1134.6107,10,-5.5,568.3095,86.23,0,2,42531,111217_318_rotd2_1.mgf,1,1,tr|Q6U9Y5|Q6U9Y5_THAWE,,
KNPGQAWPADK,20.67,1210.6094,11,-3.2,404.5424,50.60,0,2,23486,111217_318_rotd2_1.mgf,1,1,tr|A0A089VKF9|A0A089VKF9_THAWE,,
DYDPELNK,20.62,992.4451,8,4.4,497.2320,70.93,0,2,34200,111217_318_rotd2_1.mgf,1,1,tr|A0A089VIJ5|A0A089VIJ5_THAWE,,
GDVAFVK,20.62,734.3962,7,0.3,368.2055,66.12,0,2,31499,111217_318_rotd2_1.mgf,1,1,,,
GTPFAAQTAAEK,20.60,1190.5931,12,2.2,596.3052,67.68,0,2,32383,111217_318_rotd2_1.mgf,2,2,tr|A0A089VPD1|A0A089VPD1_THAWE,,
WGTQGR,20.51,703.3401,6,-3.2,704.3452,70.68,0,2,34085,111217_318_rotd2_1.mgf,2,2,tr|A0A089X9B4|A0A089X9B4_THAWE,,
KNLGITSNSPGL,20.50,1199.6510,12,5.6,600.8361,68.70,0,2,32942,111217_318_rotd2_1.mgf,1,1,tr|A0A089VQE9|A0A089VQE9_THAWE,,
QVEASVSE,20.45,847.3923,8,-4.8,848.3955,52.67,0,2,24385,111217_318_rotd2_1.mgf,1,1,tr|A0A089VKF6|A0A089VKF6_THAWE,,
GGSGGGGGGSSGGR,20.45,1005.4224,14,9.0,503.7230,62.65,0,2,29471,111217_318_rotd2_1.mgf,1,1,,,
GELMLGGTDSK,20.44,1106.5277,11,10.8,554.2771,66.14,0,2,31505,111217_318_rotd2_1.mgf,1,1,,,
LGVEEGQTR,20.40,987.4985,9,10.6,494.7617,90.11,0,2,44784,111217_318_rotd2_1.mgf,1,1,tr|B5A4Q2|B5A4Q2_THAWE,,
TIDENSIQLLLNEK,20.37,1628.8621,14,-12.7,543.9544,71.77,0,2,34664,111217_318_rotd2_1.mgf,1,1,tr|A0A089VKP0|A0A089VKP0_THAWE,,
SRAGLADPN,20.36,899.4460,9,-4.0,450.7285,54.02,0,2,25011,111217_318_rotd2_1.mgf,1,1,gi|54036848,,
TGEKGFGYK,20.35,985.4869,9,-10.1,493.7458,74.65,0,2,36189,111217_318_rotd2_1.mgf,1,1,,,
NVNEGFSGGEK,20.34,1136.5098,11,6.7,569.2660,65.41,0,2,31074,111217_318_rotd2_1.mgf,1,1,tr|A0A089VP45|A0A089VP45_THAWE,,
MHGSLVTSSLIR,20.29,1299.6969,12,-8.8,650.8500,90.21,0,2,44851,111217_318_rotd2_1.mgf,1,1,tr|A0A089VPE6|A0A089VPE6_THAWE,,
GAC(+57.02)LLPK,20.25,757.4156,7,-4.3,758.4197,87.36,0,2,43227,111217_318_rotd2_1.mgf,1,1,,Carbamidomethylation,C3:Carbamidomethylation:1000.00
DAKLEKSEINEVVLVGGSTR,20.24,2143.1484,20,-5.5,536.7914,68.57,0,2,32858,111217_318_rotd2_1.mgf,1,1,tr|A0A089VQG9|A0A089VQG9_THAWE,,
QSIIEGM(+15.99)YHAFYEK,20.10,1730.7974,14,-9.5,866.3977,86.21,0,2,42519,111217_318_rotd2_1.mgf,1,1,tr|A0A089VKP0|A0A089VKP0_THAWE,Oxidation (M),M7:Oxidation (M):1000.00
ATAVMPDGQFK,20.10,1163.5645,11,-4.2,582.7870,77.76,0,2,37904,111217_318_rotd2_1.mgf,1,1,,,
TKIINEYDGYIK,20.10,1455.7609,12,-3.7,486.2591,76.60,0,2,37304,111217_318_rotd2_1.mgf,1,1,tr|A0A089VIN8|A0A089VIN8_THAWE,,
NEILEMNK,20.10,989.4852,8,0.1,495.7499,67.22,0,2,32128,111217_318_rotd2_1.mgf,1,1,,,
DELVVILAGYKEPMDK,20.03,1818.9437,16,-0.2,607.3217,87.20,0,2,43109,111217_318_rotd2_1.mgf,1,1,tr|A0A089VQE9|A0A089VQE9_THAWE,,
EGRELTVR,20.01,958.5195,8,0.6,480.2673,83.25,0,2,40805,111217_318_rotd2_1.mgf,2,2,tr|A0A089VKF6|A0A089VKF6_THAWE,,
SGVLASC(+57.02)GPSLGGAR,19.97,1387.6877,15,6.5,694.8557,71.85,0,2,34708,111217_318_rotd2_1.mgf,1,1,,Carbamidomethylation,C7:Carbamidomethylation:1000.00
PGYAPVVFC(+57.02)R,19.95,1164.5750,10,-5.8,583.2914,78.54,0,2,38297,111217_318_rotd2_1.mgf,1,1,tr|B5A4Q2|B5A4Q2_THAWE,Carbamidomethylation,C9:Carbamidomethylation:1000.00
ASYLDC(+57.02)IR,19.91,996.4698,8,10.3,499.2473,75.05,0,2,36420,111217_318_rotd2_1.mgf,1,1,,Carbamidomethylation,C6:Carbamidomethylation:1000.00
TPVSEK,19.87,659.3490,6,-2.5,660.3546,63.65,0,2,30054,111217_318_rotd2_1.mgf,1,1,,,
SGEIIFGGETM(+15.99)R,19.87,1311.6129,12,1.1,656.8145,77.98,0,2,38013,111217_318_rotd2_1.mgf,1,1,tr|A0A089VQD6|A0A089VQD6_THAWE,Oxidation (M),M11:Oxidation (M):1000.00
GFIGPGVDVPAPDMSTGER,19.83,1900.8988,19,-5.9,951.4511,71.82,0,2,34693,111217_318_rotd2_1.mgf,1,1,,,
SHSGGELESLAR,19.83,1241.6000,12,14.7,621.8164,59.84,0,2,27952,111217_318_rotd2_1.mgf,1,1,,,
QIEKQVSYAM(+15.99)AK,19.77,1410.7177,12,12.1,471.2522,55.70,0,2,25890,111217_318_rotd2_1.mgf,1,1,tr|A0A089VKD8|A0A089VKD8_THAWE,Oxidation (M),M10:Oxidation (M):1000.00
ITPQPGVDPVEA,19.76,1221.6240,12,8.5,611.8245,83.53,0,2,41000,111217_318_rotd2_1.mgf,1,1,tr|A0A089VQA3|A0A089VQA3_THAWE,,
LDASVELK,19.74,873.4807,8,-1.8,437.7468,67.22,0,2,32124,111217_318_rotd2_1.mgf,1,1,tr|A0A089X936|A0A089X936_THAWE,,
GIYGTISR,19.71,865.4658,8,-13.7,433.7342,59.03,0,2,27488,111217_318_rotd2_1.mgf,1,1,,,
QLVESDINSLR,19.70,1272.6674,11,-14.4,425.2236,54.16,0,2,25092,111217_318_rotd2_1.mgf,1,1,,,
NEKLIIK,19.68,856.5381,7,1.0,429.2768,57.07,0,2,26450,111217_318_rotd2_1.mgf,1,1,tr|A0A089VP57|A0A089VP57_THAWE,,
FIVDGWAADKFG,19.68,1324.6451,12,-4.4,663.3269,86.21,0,2,42522,111217_318_rotd2_1.mgf,1,1,tr|Q50EL4|Q50EL4_THAWE,,
EGFMKASDGK,19.65,1068.4910,10,-10.6,535.2471,62.33,0,2,29310,111217_318_rotd2_1.mgf,1,1,,,
ADAEAWYQTK,19.61,1181.5353,10,0.8,591.7754,56.11,0,2,26021,111217_318_rotd2_1.mgf,1,1,,,
EDELIGALIISR,19.55,1327.7346,12,-13.8,443.5794,71.74,0,2,34649,111217_318_rotd2_1.mgf,1,1,tr|A0A089VKL3|A0A089VKL3_THAWE,,
GAPGEGPEAR,19.54,939.4410,10,-2.7,470.7265,70.75,0,2,34112,111217_318_rotd2_1.mgf,1,1,,,
WGPEAQGDFTR,19.53,1262.5680,11,1.4,632.2922,87.29,0,2,43175,111217_318_rotd2_1.mgf,1,1,tr|A0A089VKI3|A0A089VKI3_THAWE,,
SQLNSETFK,19.51,1052.5138,9,4.5,527.2665,72.02,0,2,34819,111217_318_rotd2_1.mgf,1,1,tr|A0A089VP49|A0A089VP49_THAWE,,
HGDSLK,19.49,655.3289,6,-0.9,656.3356,51.88,0,2,23946,111217_318_rotd2_1.mgf,1,1,,,
VTAGNHC(+57.02)DNLRNR,19.47,1525.7168,13,6.4,509.5828,89.65,0,2,44515,111217_318_rotd2_1.mgf,1,1,,Carbamidomethylation,C7:Carbamidomethylation:1000.00
IINEYDGYIK,19.45,1226.6183,10,-4.0,614.3140,67.12,0,2,32041,111217_318_rotd2_1.mgf,1,1,tr|A0A089VIN8|A0A089VIN8_THAWE,,
LAQLSESFS,19.43,980.4814,9,-7.2,491.2444,82.30,0,2,40303,111217_318_rotd2_1.mgf,1,1,tr|A0A089VKP0|A0A089VKP0_THAWE,,
INDQNSGQFER,19.43,1306.5902,11,-1.6,654.3013,81.52,0,2,39872,111217_318_rotd2_1.mgf,1,1,tr|A0A089X911|A0A089X911_THAWE,,
SGGGGGGGLGSGGSIR,19.39,1231.5905,16,1.8,616.8036,60.01,0,2,28050,111217_318_rotd2_1.mgf,1,1,,,
TAADYK,19.33,667.3177,6,12.1,668.3331,80.53,0,2,39364,111217_318_rotd2_1.mgf,1,1,,,
KSSMTLGAGGSSPSHK,19.33,1530.7460,16,5.1,766.3842,78.06,0,2,38047,111217_318_rotd2_1.mgf,1,1,,,
GHPAPNFK,19.31,866.4398,8,3.0,434.2285,56.78,0,2,26340,111217_318_rotd2_1.mgf,1,1,,,
IGSELNIPK,19.29,969.5494,9,14.6,485.7891,62.35,0,2,29317,111217_318_rotd2_1.mgf,1,1,tr|A0A089VKP0|A0A089VKP0_THAWE,,
NETLNAIIK,19.27,1014.5709,9,-2.4,508.2915,78.00,0,2,38025,111217_318_rotd2_1.mgf,3,3,tr|A0A089VQC7|A0A089VQC7_THAWE,,
LVQAFQFTDK,19.26,1195.6237,10,9.4,598.8247,62.38,0,2,29337,111217_318_rotd2_1.mgf,1,1,,,
RSAGVSR,19.22,731.4038,7,2.6,732.4130,82.85,0,2,40621,111217_318_rotd2_1.mgf,1,1,,,
EGISIRHPAR,19.19,1134.6257,10,-12.5,568.3130,87.85,0,2,43529,111217_318_rotd2_1.mgf,1,1,tr|A0A089VKH6|A0A089VKH6_THAWE,,
KLNGQTFKDAPTVK,19.17,1545.8514,14,0.2,516.2912,61.19,0,2,28710,111217_318_rotd2_1.mgf,1,1,tr|A0A089VKF6|A0A089VKF6_THAWE,,
EAC(+57.02)FAVEGPK,19.17,1106.5066,10,-4.1,554.2583,59.95,0,2,28018,111217_318_rotd2_1.mgf,1,1,,Carbamidomethylation,C3:Carbamidomethylation:1000.00
ETLMGK,19.13,677.3418,6,-3.0,678.3470,73.67,0,2,35695,111217_318_rotd2_1.mgf,1,1,,,
SLDAAQK,19.09,731.3813,7,-11.5,732.3802,62.83,0,2,29577,111217_318_rotd2_1.mgf,1,1,tr|A0A089X9C4|A0A089X9C4_THAWE,,
C(+57.02)TVNALEVER,19.09,1189.5760,10,12.6,595.8028,92.03,0,2,45794,111217_318_rotd2_1.mgf,1,1,,Carbamidomethylation,C1:Carbamidomethylation:1000.00
DGHVILQLNSIPSSD,19.07,1593.7998,15,0.1,797.9073,83.54,0,2,41009,111217_318_rotd2_1.mgf,1,1,,,
YSSQLSQVQR,19.05,1194.5992,10,-8.0,598.3021,82.76,0,2,40556,111217_318_rotd2_1.mgf,1,1,,,
TVAVDGAGK,19.01,816.4341,9,-1.1,817.4405,76.34,0,2,37163,111217_318_rotd2_1.mgf,1,1,tr|A0A089X8Z4|A0A089X8Z4_THAWE,,
ADIPFRR,19.01,873.4821,7,10.2,437.7527,62.04,0,2,29140,111217_318_rotd2_1.mgf,1,1,tr|A0A089VKF6|A0A089VKF6_THAWE,,
SVDETLR,18.98,818.4134,7,4.2,819.4241,81.28,0,2,39707,111217_318_rotd2_1.mgf,1,1,,,
TISNIGGVENLK,18.90,1243.6772,12,11.8,622.8532,81.33,0,2,39748,111217_318_rotd2_1.mgf,1,1,tr|A0A089VKP0|A0A089VKP0_THAWE,,
IVPKDDSEQLP,18.88,1239.6346,11,-3.3,620.8226,72.63,0,2,35122,111217_318_rotd2_1.mgf,1,1,tr|A0A089VQC7|A0A089VQC7_THAWE,,
LEGDPLMIK,18.84,1014.5419,9,5.3,508.2809,70.85,0,2,34154,111217_318_rotd2_1.mgf,2,2,tr|A0A089VQA3|A0A089VQA3_THAWE:tr|H9BE90|H9BE90_THAWE,,
GM(+15.99)EIM(+15.99)VEAVSVTLGPKGR,18.83,1904.9700,18,-1.4,635.9964,90.10,0,2,44779,111217_318_rotd2_1.mgf,1,1,tr|A0A089VKL3|A0A089VKL3_THAWE,Oxidation (M),M2:Oxidation (M):1000.00;M5:Oxidation (M):1000.00
EIYEK,18.79,680.3381,5,-6.2,681.3411,86.11,0,2,42481,111217_318_rotd2_1.mgf,1,1,,,
GALDSGGVKDR,18.78,1073.5465,11,11.6,537.7867,73.68,0,2,35703,111217_318_rotd2_1.mgf,2,2,tr|A0A089VPD6|A0A089VPD6_THAWE,,
LTERAEQGK,18.76,1030.5406,9,1.9,516.2786,59.21,0,2,27593,111217_318_rotd2_1.mgf,1,1,gi|54036848,,
DGADFAK,18.74,722.3235,7,-14.5,723.3203,68.83,0,2,33045,111217_318_rotd2_1.mgf,1,1,,,
GTLIADALAK,18.73,971.5651,10,1.7,486.7906,68.33,0,2,32730,111217_318_rotd2_1.mgf,1,1,tr|A0A089VKL3|A0A089VKL3_THAWE,,
SISISVAGGGG,18.70,903.4661,11,-12.5,452.7347,61.78,0,2,29005,111217_318_rotd2_1.mgf,1,1,,,
AAEFL,18.67,549.2798,5,1.0,550.2877,77.22,0,2,37638,111217_318_rotd2_1.mgf,1,1,,,
AAEFI,18.67,549.2798,5,1.0,550.2877,77.22,0,2,37638,111217_318_rotd2_1.mgf,1,1,,,
DDFDKALVR,18.66,1077.5454,9,3.6,539.7819,70.04,0,2,33740,111217_318_rotd2_1.mgf,1,1,tr|A0A089VQG9|A0A089VQG9_THAWE,,
DPISIK,18.66,671.3854,6,-1.8,672.3914,85.32,0,2,41985,111217_318_rotd2_1.mgf,1,1,tr|A0A089VNZ5|A0A089VNZ5_THAWE,,
SPEKKATEDEGSEQK,18.66,1661.7744,15,7.3,831.9005,84.61,0,2,41627,111217_318_rotd2_1.mgf,1,1,,,
ISEVC(+57.02)SR,18.65,849.4014,7,7.9,425.7113,52.64,0,2,24342,111217_318_rotd2_1.mgf,1,1,tr|A0A089VKH6|A0A089VKH6_THAWE,Carbamidomethylation,C5:Carbamidomethylation:1000.00
EAIASTKTGFTTI,18.60,1338.7031,13,14.0,670.3682,63.48,0,2,29970,111217_318_rotd2_1.mgf,2,2,tr|A0A089VIM8|A0A089VIM8_THAWE,,
EVPATKMSK,18.59,989.5215,9,-0.7,495.7677,80.01,0,2,39126,111217_318_rotd2_1.mgf,1,1,,,
ELHTMVGAGK,18.58,1041.5277,10,-7.1,521.7675,62.88,0,2,29601,111217_318_rotd2_1.mgf,1,1,gi|54036848,,
WARENDMLLHLHR,18.57,1689.8522,13,2.4,845.9354,84.48,0,2,41515,111217_318_rotd2_1.mgf,1,1,tr|A0A089VQA3|A0A089VQA3_THAWE:tr|H9BE90|H9BE90_THAWE,,
ASLLADEL,18.55,830.4385,8,6.5,416.2292,58.43,0,2,27161,111217_318_rotd2_1.mgf,1,1,tr|A0A089VIN8|A0A089VIN8_THAWE,,
ASLLADELKYLGFK,18.54,1566.8657,14,-4.7,523.2934,87.01,0,2,43009,111217_318_rotd2_1.mgf,1,1,tr|A0A089VIN8|A0A089VIN8_THAWE,,
KSDLEANVEALVEESSFLR,18.54,2135.0745,19,-4.6,712.6955,60.36,0,2,28257,111217_318_rotd2_1.mgf,1,1,,,
AGDRITMK,18.52,890.4644,8,-2.4,446.2384,66.47,0,2,31685,111217_318_rotd2_1.mgf,1,1,tr|A0A089X9B4|A0A089X9B4_THAWE,,
ADLDGVGVK,18.51,872.4603,9,-1.1,873.4666,71.70,0,2,34629,111217_318_rotd2_1.mgf,1,1,,,
ENEISEESK,18.48,1063.4669,9,9.8,1064.4846,68.78,0,2,32996,111217_318_rotd2_1.mgf,1,1,tr|A0A089VQG9|A0A089VQG9_THAWE,,
DGPLTGTYR,18.47,978.4771,9,-9.1,490.2413,89.41,0,2,44370,111217_318_rotd2_1.mgf,1,1,,,
EGVISLEEGK,18.45,1059.5448,10,-5.6,530.7767,57.09,0,2,26467,111217_318_rotd2_1.mgf,1,1,tr|A0A089VKL3|A0A089VKL3_THAWE,,
M(+15.99)LNLDNQK,18.44,990.4804,8,-9.5,496.2428,82.83,0,2,40609,111217_318_rotd2_1.mgf,1,1,,Oxidation (M),M1:Oxidation (M):1000.00
GLLDSEDC(+57.02)K,18.43,1035.4542,9,8.6,518.7388,62.83,0,2,29576,111217_318_rotd2_1.mgf,1,1,,Carbamidomethylation,C8:Carbamidomethylation:1000.00
SLVADENPFAQGALK,18.35,1558.7991,15,6.7,520.6105,79.83,0,2,38968,111217_318_rotd2_1.mgf,1,1,,,
TFGIESPESPDTIR,18.35,1547.7467,14,13.0,774.8907,88.61,0,2,43941,111217_318_rotd2_1.mgf,1,1,tr|A0A089VP72|A0A089VP72_THAWE,,
GGIVGESESR,18.33,989.4778,10,8.2,495.7502,60.00,0,2,28046,111217_318_rotd2_1.mgf,1,1,tr|A0A089VKP0|A0A089VKP0_THAWE,,
LTDVSISR,18.31,889.4869,8,3.3,445.7522,83.79,0,2,41137,111217_318_rotd2_1.mgf,1,1,tr|A0A089VKP0|A0A089VKP0_THAWE,,
LEGYK,18.30,608.3170,5,0.4,609.3245,63.35,0,2,29902,111217_318_rotd2_1.mgf,1,1,,,
GAGGSSPSHK,18.23,883.4148,10,6.6,442.7176,83.60,0,2,41044,111217_318_rotd2_1.mgf,1,1,,,
LAQLSESFSGA,18.21,1108.5400,11,8.7,555.2821,61.18,0,2,28705,111217_318_rotd2_1.mgf,1,1,tr|A0A089VKP0|A0A089VKP0_THAWE,,
SAVFLVYPIG,18.19,1064.5906,10,-2.4,533.3013,84.37,0,2,41433,111217_318_rotd2_1.mgf,1,1,tr|A0A089VPE6|A0A089VPE6_THAWE,,
WVTFISLLLLFSSAYSR,18.18,2002.0928,17,-9.3,668.3653,83.93,0,2,41229,111217_318_rotd2_1.mgf,1,1,,,
YVEIK,18.18,650.3639,5,0.8,326.1895,54.90,0,2,25453,111217_318_rotd2_1.mgf,1,1,tr|O96712|O96712_THAWE,,
NQSVVDSQGR,18.17,1088.5210,10,12.5,545.2746,59.65,0,2,27862,111217_318_rotd2_1.mgf,1,1,tr|A0A089VPE6|A0A089VPE6_THAWE,,
LTEEEKNR,18.16,1017.5090,8,8.7,509.7662,81.02,0,2,39609,111217_318_rotd2_1.mgf,1,1,,,
GTLPGFGYR,18.12,966.4923,9,6.9,484.2567,88.51,0,2,43853,111217_318_rotd2_1.mgf,1,1,,,
SAGINAGQLR,18.08,985.5305,10,-4.5,493.7703,60.81,0,2,28494,111217_318_rotd2_1.mgf,1,1,gi|54036848,,
PPSSGEPPK,18.07,894.4446,9,-14.7,448.2230,67.51,0,2,32297,111217_318_rotd2_1.mgf,1,1,,,
APWYKGWEANTNPKTK,18.06,1889.9424,16,-8.6,630.9827,84.78,0,2,41721,111217_318_rotd2_1.mgf,1,1,tr|B5A4Q2|B5A4Q2_THAWE,,
IAGVK,18.05,486.3166,5,-2.9,487.3224,65.34,0,2,31041,111217_318_rotd2_1.mgf,1,1,tr|A0A089VIV1|A0A089VIV1_THAWE,,
LQPLDFKENAEQSR,18.03,1673.8373,14,11.9,558.9597,91.31,0,2,45439,111217_318_rotd2_1.mgf,1,1,,,
LPPLTADFAEDK,18.02,1315.6659,12,-8.5,439.5588,64.03,0,2,30313,111217_318_rotd2_1.mgf,1,1,,,
QMAVR,18.01,603.3163,5,10.2,604.3297,57.86,0,2,26865,111217_318_rotd2_1.mgf,1,1,,,
ADSC(+57.02)VGLGFGAGSG,18.01,1253.5347,14,-1.2,627.7739,56.37,0,2,26134,111217_318_rotd2_1.mgf,1,1,,Carbamidomethylation,C4:Carbamidomethylation:1000.00
EGNYVTLR,17.99,950.4821,8,0.2,476.2484,66.20,0,2,31537,111217_318_rotd2_1.mgf,1,1,,,
QLEAATQLEGK,17.98,1186.6194,11,-1.7,594.3160,70.84,0,2,34145,111217_318_rotd2_1.mgf,1,1,gi|54036848,,
VIDANNSK,17.88,859.4399,8,-14.1,860.4351,85.37,0,2,42017,111217_318_rotd2_1.mgf,2,2,,,
HGGGGGGFGGGGFGSR,17.86,1319.5754,16,6.5,660.7993,82.70,0,2,40488,111217_318_rotd2_1.mgf,1,1,,,
VAFSNKR,17.86,820.4555,7,-14.1,411.2292,66.70,0,2,31831,111217_318_rotd2_1.mgf,1,1,tr|A0A089VKI3|A0A089VKI3_THAWE,,
ASGVTVQQQR,17.84,1072.5625,10,0.2,537.2886,54.67,0,2,25343,111217_318_rotd2_1.mgf,1,1,,,
EPEILPDGDHDLK,17.83,1476.7096,13,5.2,493.2464,88.07,0,2,43621,111217_318_rotd2_1.mgf,1,1,,,
SATFLGYFK,17.83,1032.5280,9,-0.1,517.2712,73.03,0,2,35332,111217_318_rotd2_1.mgf,1,1,,,
EGIPPQQQR,17.82,1051.5410,9,13.9,526.7851,66.72,0,2,31843,111217_318_rotd2_1.mgf,1,1,,,
VDALEEEVGL,17.80,1072.5288,10,11.6,537.2779,84.46,0,2,41494,111217_318_rotd2_1.mgf,1,1,,,
VDEPSVK,17.80,772.3967,7,-0.5,773.4036,65.15,0,2,30967,111217_318_rotd2_1.mgf,1,1,tr|A0A089X9B4|A0A089X9B4_THAWE,,
LQPLDFK,17.79,859.4803,7,-0.3,860.4874,81.39,0,2,39796,111217_318_rotd2_1.mgf,1,1,,,
RDVPGTGNEFVG,17.79,1246.5942,12,4.4,624.3071,72.12,0,2,34878,111217_318_rotd2_1.mgf,1,1,tr|O96712|O96712_THAWE,,
AATASRGASQAGAPQGR,17.78,1555.7815,17,7.7,519.6051,87.66,0,2,43382,111217_318_rotd2_1.mgf,1,1,,,
QVEASVSEGLS,17.75,1104.5299,11,-10.4,553.2665,69.97,0,2,33684,111217_318_rotd2_1.mgf,1,1,tr|A0A089VKF6|A0A089VKF6_THAWE,,
DNAKLASDDFR,17.75,1250.5891,11,-1.5,626.3009,79.51,0,2,38822,111217_318_rotd2_1.mgf,1,1,,,
LDTGWTEFADPK,17.73,1378.6405,12,0.1,690.3276,61.08,0,2,28653,111217_318_rotd2_1.mgf,1,1,tr|A0A089VKG8|A0A089VKG8_THAWE,,
ADVGLLLVPAEK,17.73,1223.7125,12,-11.6,408.9067,60.02,0,2,28066,111217_318_rotd2_1.mgf,1,1,tr|B5A4Q2|B5A4Q2_THAWE:tr|I6TFL8|I6TFL8_THAWE,,
MSGIFR,17.72,709.3581,6,4.3,710.3684,61.74,0,2,28979,111217_318_rotd2_1.mgf,1,1,,,
LGANVSSAQGPTGL,17.63,1270.6517,14,7.7,636.3380,71.94,0,2,34764,111217_318_rotd2_1.mgf,1,1,tr|A0A089VQD6|A0A089VQD6_THAWE,,
QYEAM(+15.99)AEKNR,17.63,1254.5663,10,-7.2,628.2859,84.46,0,2,41496,111217_318_rotd2_1.mgf,1,1,,Oxidation (M),M5:Oxidation (M):1000.00
DGERGNLK,17.63,887.4460,8,6.9,888.4595,75.86,0,2,36875,111217_318_rotd2_1.mgf,1,1,,,
DYSDIDGAPEER,17.60,1365.5684,12,-2.2,683.7900,64.39,0,2,30494,111217_318_rotd2_1.mgf,1,1,,,
GKQANTEERK,17.59,1159.5945,10,-11.4,580.7979,71.14,0,2,34303,111217_318_rotd2_1.mgf,1,1,,,
EASLAETEGR,17.58,1061.4989,10,-5.5,531.7538,59.01,0,2,27469,111217_318_rotd2_1.mgf,1,1,,,
AAVELSDR,17.57,859.4399,8,3.4,860.4501,87.15,0,2,43089,111217_318_rotd2_1.mgf,1,1,tr|A0A089X9B4|A0A089X9B4_THAWE,,
LEAAAPGDSVGL,17.55,1098.5557,12,1.1,550.2857,81.78,0,2,40037,111217_318_rotd2_1.mgf,1,1,tr|B5A4Q2|B5A4Q2_THAWE,,
NFEITIKAR,17.55,1090.6134,9,-11.9,546.3075,55.24,0,2,25608,111217_318_rotd2_1.mgf,1,1,,,
QFEAPIHHSNVK,17.52,1405.7102,12,7.8,703.8679,69.67,0,2,33496,111217_318_rotd2_1.mgf,1,1,,,
NGENLLYLAR,17.51,1161.6141,10,8.6,388.2153,56.29,0,2,26083,111217_318_rotd2_1.mgf,1,1,,,
EDMELGLTTTLR,17.50,1377.6809,12,5.7,689.8516,78.65,0,2,38362,111217_318_rotd2_1.mgf,1,1,,,
LDVGKLFGGIVG,17.50,1173.6757,12,-9.3,587.8397,59.00,0,2,27461,111217_318_rotd2_1.mgf,1,1,tr|A0A089VKP0|A0A089VKP0_THAWE,,
GELHC(+57.02)VGATTL,17.49,1156.5547,11,-3.8,579.2824,58.51,0,2,27226,111217_318_rotd2_1.mgf,1,1,gi|54036848,Carbamidomethylation,C5:Carbamidomethylation:1000.00
GKKIFSIEQHK,17.45,1313.7455,11,-0.2,438.9223,78.75,0,2,38423,111217_318_rotd2_1.mgf,1,1,tr|I6TFL8|I6TFL8_THAWE,,
ANEPVLSMRPID,17.45,1340.6758,12,-12.4,447.8936,51.92,0,2,23967,111217_318_rotd2_1.mgf,1,1,tr|A0A089VQD6|A0A089VQD6_THAWE,,
GIVDTALK,17.44,815.4752,8,-2.7,408.7438,74.70,0,2,36225,111217_318_rotd2_1.mgf,1,1,tr|A0A089VIN8|A0A089VIN8_THAWE,,
EAIPNM(+15.99)PIK,17.43,1027.5372,9,7.9,514.7800,71.63,0,2,34595,111217_318_rotd2_1.mgf,1,1,,Oxidation (M),M6:Oxidation (M):1000.00
SLASSLPGQTK,17.43,1087.5873,11,-1.5,544.8001,56.17,0,2,26043,111217_318_rotd2_1.mgf,1,1,,,
TFQGPATGIIVE,17.40,1231.6448,12,-0.3,616.8295,84.90,0,2,41809,111217_318_rotd2_1.mgf,1,1,tr|A0A089VQA3|A0A089VQA3_THAWE:tr|H9BE90|H9BE90_THAWE,,
DLRNVSTGDVNVEMNA,17.40,1732.8051,16,13.5,578.6168,91.87,0,2,45721,111217_318_rotd2_1.mgf,1,1,,,
APGFGELR,17.40,845.4395,8,-8.8,423.7233,52.66,0,2,24368,111217_318_rotd2_1.mgf,1,1,tr|A0A089VKL3|A0A089VKL3_THAWE,,
NFIMLC(+57.02)SK,17.37,1011.4882,8,-13.2,506.7447,52.68,0,2,24389,111217_318_rotd2_1.mgf,1,1,tr|A0A089VKG8|A0A089VKG8_THAWE,Carbamidomethylation,C6:Carbamidomethylation:1000.00
FDNLVFNR,17.37,1023.5137,8,8.6,512.7686,73.51,0,2,35610,111217_318_rotd2_1.mgf,1,1,,,
GGGLTGQTDAIK,17.36,1116.5775,12,-9.5,559.2907,54.63,0,2,25320,111217_318_rotd2_1.mgf,1,1,,,
SFTALVAV,17.36,806.4538,8,0.3,404.2343,63.35,0,2,29904,111217_318_rotd2_1.mgf,1,1,tr|B5A4Q2|B5A4Q2_THAWE,,
EAIASTKTGFT,17.36,1124.5713,11,-0.1,563.2928,52.64,0,2,24346,111217_318_rotd2_1.mgf,1,1,tr|A0A089VIM8|A0A089VIM8_THAWE,,
HGSLVTSSLIR,17.35,1168.6564,11,-2.3,585.3341,82.40,0,2,40339,111217_318_rotd2_1.mgf,1,1,tr|A0A089VPE6|A0A089VPE6_THAWE,,
YATQAGISISIEDLK,17.35,1607.8406,15,-6.8,536.9505,79.87,0,2,39008,111217_318_rotd2_1.mgf,1,1,tr|A0A089VIN8|A0A089VIN8_THAWE,,
EASFRTLGLR,17.34,1148.6301,10,-10.9,575.3161,70.06,0,2,33754,111217_318_rotd2_1.mgf,1,1,tr|A0A089X9C4|A0A089X9C4_THAWE,,
VGIMGMKAPAR,17.32,1129.6100,11,-9.1,565.8071,63.94,0,2,30243,111217_318_rotd2_1.mgf,1,1,tr|Q6U9Y5|Q6U9Y5_THAWE,,
SSLANLTA,17.30,775.4076,8,-7.2,388.7083,58.05,0,2,26971,111217_318_rotd2_1.mgf,1,1,tr|H9BE90|H9BE90_THAWE,,
SLVNLGGSK,17.29,873.4919,9,-10.5,437.7487,82.77,0,2,40567,111217_318_rotd2_1.mgf,1,1,,,
QGKISTSR,17.29,875.4825,8,-9.6,438.7443,60.35,0,2,28256,111217_318_rotd2_1.mgf,1,1,tr|Q6U9Y5|Q6U9Y5_THAWE,,
QVDLYDNSR,17.25,1108.5149,9,3.2,555.2665,61.75,0,2,28992,111217_318_rotd2_1.mgf,1,1,tr|A0A089VP72|A0A089VP72_THAWE,,
AAAAGFEK,17.25,763.3864,8,-4.0,764.3906,84.90,0,2,41808,111217_318_rotd2_1.mgf,1,1,tr|A0A089VQD6|A0A089VQD6_THAWE,,
TPELTK,17.23,687.3803,6,0.2,688.3877,71.62,0,2,34592,111217_318_rotd2_1.mgf,1,1,tr|A0A089VP49|A0A089VP49_THAWE,,
DPSVDVLGLPDGVK,17.21,1409.7401,14,9.8,470.9253,80.82,0,2,39503,111217_318_rotd2_1.mgf,1,1,tr|A5J0F9|A5J0F9_THAWE:tr|A5J0E2|A5J0E2_THAWE,,
ANGNNQSPVDIK,17.14,1255.6156,12,-3.6,628.8128,86.10,0,2,42475,111217_318_rotd2_1.mgf,1,1,,,
ISGLGPGGFDRDRISFAVR,17.12,2019.0649,19,-4.5,1010.5352,59.15,0,2,27553,111217_318_rotd2_1.mgf,1,1,tr|A0A089VQC7|A0A089VQC7_THAWE,,
LQVLDDGR,17.11,914.4821,8,-3.8,458.2466,78.60,0,2,38336,111217_318_rotd2_1.mgf,1,1,gi|54036848,,
FESSDASALSGEYAIK,17.11,1673.7783,16,0.4,837.8968,83.98,0,2,41257,111217_318_rotd2_1.mgf,1,1,tr|Q9Y0F8|Q9Y0F8_THAWE,,
GVGQIIC(+57.02)GTVE,17.10,1131.5594,11,-4.8,566.7843,60.83,0,2,28505,111217_318_rotd2_1.mgf,1,1,tr|B5A4Q2|B5A4Q2_THAWE:tr|I6TFL8|I6TFL8_THAWE,Carbamidomethylation,C7:Carbamidomethylation:1000.00
KGGVASGFKHV,17.08,1085.5981,11,10.2,543.8119,57.49,0,2,26644,111217_318_rotd2_1.mgf,1,1,,,
SGPMNK,17.06,632.2952,6,4.2,633.3051,64.55,0,2,30593,111217_318_rotd2_1.mgf,1,1,tr|A0A089VKF6|A0A089VKF6_THAWE,,
QITSGPSAIGG,17.06,986.5032,11,-12.5,494.2527,67.74,0,2,32418,111217_318_rotd2_1.mgf,1,1,,,
M(+15.99)AIPPK,17.05,671.3676,6,-2.3,672.3734,81.43,0,2,39826,111217_318_rotd2_1.mgf,1,1,,Oxidation (M),M1:Oxidation (M):1000.00
QVEASVSEGLSESQAWS,17.05,1792.8115,17,13.4,897.4250,82.00,0,2,40192,111217_318_rotd2_1.mgf,1,1,tr|A0A089VKF6|A0A089VKF6_THAWE,,
DVIDEAGSR,17.04,960.4512,9,-3.8,961.4548,66.67,0,2,31817,111217_318_rotd2_1.mgf,1,1,tr|A0A089X9B4|A0A089X9B4_THAWE,,
C(+57.02)AALGR,17.00,646.3221,6,-3.0,647.3274,66.73,0,2,31852,111217_318_rotd2_1.mgf,1,1,tr|B5A4Q2|B5A4Q2_THAWE,Carbamidomethylation,C1:Carbamidomethylation:1000.00
NGATGTSHLH,16.98,993.4628,10,10.4,497.7439,67.44,0,2,32258,111217_318_rotd2_1.mgf,1,1,,,
PGDSVGLSIKGIGK,16.96,1326.7506,14,-12.3,443.2520,56.71,0,2,26304,111217_318_rotd2_1.mgf,1,1,tr|B5A4Q2|B5A4Q2_THAWE:tr|I6TFL8|I6TFL8_THAWE,,
ALGC(+57.02)LGSR,16.89,832.4225,8,-9.6,833.4218,72.15,0,2,34890,111217_318_rotd2_1.mgf,1,1,,Carbamidomethylation,C4:Carbamidomethylation:1000.00
NPYEESSR,16.88,980.4199,8,-1.9,981.4254,60.83,0,2,28506,111217_318_rotd2_1.mgf,1,1,,,
LPDVAIIIDQK,16.87,1223.7125,11,4.7,408.9134,72.17,0,2,34897,111217_318_rotd2_1.mgf,1,1,tr|A0A089VP60|A0A089VP60_THAWE,,
APGSIGMGTSPGR,16.86,1186.5764,13,3.0,594.2972,65.25,0,2,31002,111217_318_rotd2_1.mgf,1,1,,,
GGVVGIK,16.85,628.3908,7,-4.2,629.3954,72.64,0,2,35125,111217_318_rotd2_1.mgf,1,1,,,
AFVIASTSGKFA,16.85,1197.6393,12,-12.9,599.8192,82.23,0,2,40281,111217_318_rotd2_1.mgf,1,1,tr|A0A089VIJ5|A0A089VIJ5_THAWE,,
VERERLNK,16.84,1042.5883,8,-6.1,522.2982,82.70,0,2,40485,111217_318_rotd2_1.mgf,1,1,tr|A0A089VQA3|A0A089VQA3_THAWE:tr|H9BE90|H9BE90_THAWE,,
KDIAQELQK,16.81,1071.5924,9,5.8,536.8066,87.35,0,2,43215,111217_318_rotd2_1.mgf,1,1,tr|A0A089VKM6|A0A089VKM6_THAWE,,
FLIAAAATVEMLGGPK,16.80,1587.8694,16,4.4,530.2994,80.05,0,2,39159,111217_318_rotd2_1.mgf,1,1,tr|Q50EL4|Q50EL4_THAWE,,
LIADAK,16.77,629.3748,6,-0.2,630.3820,75.38,0,2,36604,111217_318_rotd2_1.mgf,1,1,tr|A0A089VQG9|A0A089VQG9_THAWE,,
AEIEHAK,16.76,796.4079,7,5.5,399.2134,65.96,0,2,31404,111217_318_rotd2_1.mgf,1,1,,,
VIMLAQEEAR,16.74,1158.6067,10,-4.6,580.3080,66.15,0,2,31510,111217_318_rotd2_1.mgf,2,2,tr|A0A089X9B4|A0A089X9B4_THAWE,,
EDIEK,16.74,632.3017,5,-0.3,633.3088,60.06,0,2,28095,111217_318_rotd2_1.mgf,1,1,tr|A0A089VKH6|A0A089VKH6_THAWE,,
NTKINVSK,16.72,902.5185,8,-13.8,452.2603,56.66,0,2,26283,111217_318_rotd2_1.mgf,1,1,tr|A0A089VQC7|A0A089VQC7_THAWE,,
EPVAGSLL,16.71,784.4330,8,-0.2,785.4401,85.52,0,2,42128,111217_318_rotd2_1.mgf,1,1,tr|A0A089VPE6|A0A089VPE6_THAWE,,
KLLEGEEC(+57.02)R,16.71,1132.5546,9,-8.6,567.2797,70.21,0,2,33806,111217_318_rotd2_1.mgf,1,1,,Carbamidomethylation,C8:Carbamidomethylation:1000.00
YNLYGKDIK,16.71,1112.5865,9,1.8,557.3016,91.64,0,2,45586,111217_318_rotd2_1.mgf,1,1,,,
SVGELLQNLFR,16.68,1274.6982,11,-5.3,425.9044,87.02,0,2,43017,111217_318_rotd2_1.mgf,1,1,tr|A0A089VQC7|A0A089VQC7_THAWE,,
GGSLLAGGGGFGGG,16.68,1062.5094,14,1.5,532.2628,62.72,0,2,29511,111217_318_rotd2_1.mgf,1,1,,,
EAGVHFGHK,16.66,980.4828,9,2.8,491.2501,73.03,0,2,35334,111217_318_rotd2_1.mgf,1,1,tr|A0A089VP60|A0A089VP60_THAWE,,
GFYDILR,16.66,882.4599,7,-10.5,442.2326,70.08,0,2,33762,111217_318_rotd2_1.mgf,1,1,tr|A0A089VQA3|A0A089VQA3_THAWE:tr|H9BE90|H9BE90_THAWE,,
TPYAYLSK,16.65,941.4858,8,12.3,471.7560,75.61,0,2,36727,111217_318_rotd2_1.mgf,1,1,tr|A0A089VIJ5|A0A089VIJ5_THAWE,,
IMLAQEEAR,16.62,1059.5382,9,-0.8,530.7759,61.83,0,2,29035,111217_318_rotd2_1.mgf,1,1,tr|A0A089X9B4|A0A089X9B4_THAWE,,
DSAHGFLK,16.61,873.4344,8,-6.4,437.7217,52.40,0,2,24173,111217_318_rotd2_1.mgf,1,1,,,
DAAEDVKKQIEEAGGKVSLT,16.61,2087.0745,20,2.8,696.7007,70.35,0,2,33891,111217_318_rotd2_1.mgf,1,1,,,
ESGVINSTNF,16.57,1066.4930,10,11.8,534.2601,79.87,0,2,39005,111217_318_rotd2_1.mgf,1,1,tr|A0A089VQC9|A0A089VQC9_THAWE,,
QIAEALQGR,16.53,984.5352,9,7.3,493.2785,67.71,0,2,32401,111217_318_rotd2_1.mgf,1,1,tr|Q50EL4|Q50EL4_THAWE,,
ADVLTTGAGNPVGDK,16.53,1413.7100,15,-10.4,472.2390,60.77,0,2,28478,111217_318_rotd2_1.mgf,1,1,,,
KPDLTDPK,16.50,912.4916,8,-1.0,457.2526,68.79,0,2,33005,111217_318_rotd2_1.mgf,1,1,,,
GIELM(+15.99)ISGFC(+57.02)R,16.50,1297.6158,11,-9.3,649.8091,62.07,0,2,29163,111217_318_rotd2_1.mgf,1,1,tr|A0A089X911|A0A089X911_THAWE,Oxidation (M); Carbamidomethylation,M5:Oxidation (M):1000.00;C10:Carbamidomethylation:1000.00
TLGYGIGPGGE,16.50,1019.4923,11,14.6,510.7609,53.01,0,2,24519,111217_318_rotd2_1.mgf,1,1,tr|A0A089VQD6|A0A089VQD6_THAWE,,
LLGAHVAHA,16.49,887.4977,9,-12.8,444.7505,79.90,0,2,39038,111217_318_rotd2_1.mgf,1,1,tr|A0A089VQD6|A0A089VQD6_THAWE,,
AGGGDGGILTANEK,16.49,1258.6154,14,7.6,630.3198,84.92,0,2,41832,111217_318_rotd2_1.mgf,1,1,,,
EVASNTEMIQTSK,16.47,1436.6816,13,-2.5,719.3463,89.62,0,2,44496,111217_318_rotd2_1.mgf,1,1,,,
TPTEAALGWTMGGPK,16.46,1515.7391,15,9.9,506.2587,68.34,0,2,32742,111217_318_rotd2_1.mgf,1,1,tr|Q6U9Y5|Q6U9Y5_THAWE,,
LAAVENGDFDLAK,16.45,1361.6826,13,12.4,454.9071,68.11,0,2,32622,111217_318_rotd2_1.mgf,1,1,tr|A0A089X9B4|A0A089X9B4_THAWE,,
FLQPGSPR,16.44,900.4817,8,3.1,451.2495,64.99,0,2,30850,111217_318_rotd2_1.mgf,1,1,,,
AEYMTHAPLGS,16.41,1175.5281,11,4.7,588.7740,53.47,0,2,24737,111217_318_rotd2_1.mgf,1,1,tr|A0A089VQD6|A0A089VQD6_THAWE,,
AIDVIDEAGSR,16.40,1144.5724,11,-2.8,573.2919,60.80,0,2,28492,111217_318_rotd2_1.mgf,1,1,tr|A0A089X9B4|A0A089X9B4_THAWE,,
LLGAHVAHAGLM,16.37,1188.6437,12,-6.9,595.3250,84.47,0,2,41503,111217_318_rotd2_1.mgf,1,1,tr|A0A089VQD6|A0A089VQD6_THAWE,,
YESGVIPYAK,16.37,1125.5706,10,-11.1,563.7863,88.62,0,2,43953,111217_318_rotd2_1.mgf,1,1,tr|A0A089VQA3|A0A089VQA3_THAWE,,
EPGTQLTM(+15.99)R,16.36,1047.5018,9,2.4,524.7595,78.13,0,2,38093,111217_318_rotd2_1.mgf,1,1,tr|A0A089VIN8|A0A089VIN8_THAWE,Oxidation (M),M8:Oxidation (M):1000.00
HGATVLTALGGI,16.36,1108.6240,12,0.7,555.3197,70.65,0,2,34064,111217_318_rotd2_1.mgf,1,1,,,
ESVDGKVVSSR,16.34,1161.5989,11,10.4,581.8127,82.57,0,2,40423,111217_318_rotd2_1.mgf,1,1,,,
NPVQALELIER,16.33,1280.7089,11,1.7,641.3628,86.83,0,2,42896,111217_318_rotd2_1.mgf,1,1,tr|A0A089VKP0|A0A089VKP0_THAWE,,
VAC(+57.02)KMTK,16.32,836.4248,7,-0.5,837.4316,67.20,0,2,32107,111217_318_rotd2_1.mgf,1,1,tr|B5A4Q2|B5A4Q2_THAWE,Carbamidomethylation,C3:Carbamidomethylation:1000.00
DGQLTDSSHR,16.31,1114.5002,10,7.1,558.2614,59.66,0,2,27866,111217_318_rotd2_1.mgf,1,1,tr|A0A089X9B4|A0A089X9B4_THAWE,,
ISPGYSVTR,16.29,978.5134,9,4.1,490.2660,79.84,0,2,38979,111217_318_rotd2_1.mgf,1,1,,,
DIQALQR,16.27,842.4610,7,-2.4,422.2368,60.05,0,2,28092,111217_318_rotd2_1.mgf,1,1,tr|A0A089VQG9|A0A089VQG9_THAWE,,
EVIAQGK,16.25,743.4177,7,-1.2,744.4241,73.70,0,2,35722,111217_318_rotd2_1.mgf,1,1,tr|A0A089X9B4|A0A089X9B4_THAWE,,
KTGGAKVDNPPE,16.23,1211.6146,12,7.9,606.8194,80.02,0,2,39135,111217_318_rotd2_1.mgf,1,1,tr|B5A4Q2|B5A4Q2_THAWE,,
DDHLINDIYK,16.21,1244.6036,10,11.9,623.3165,69.25,0,2,33272,111217_318_rotd2_1.mgf,1,1,tr|A0A089VQC7|A0A089VQC7_THAWE,,
AEAESLYQSK,16.21,1124.5349,10,-5.9,563.2714,84.19,0,2,41344,111217_318_rotd2_1.mgf,1,1,,,
RVEERDYDGR,16.21,1293.6061,10,13.6,432.2152,74.00,0,2,35882,111217_318_rotd2_1.mgf,1,1,tr|A0A089X9C4|A0A089X9C4_THAWE,,
TFQGPATGIIVER,16.18,1387.7460,13,10.8,463.5943,78.58,0,2,38318,111217_318_rotd2_1.mgf,1,1,tr|A0A089VQA3|A0A089VQA3_THAWE:tr|H9BE90|H9BE90_THAWE,,
LNHHLSGLLGFSSLA,16.17,1564.8362,15,12.8,783.4354,85.75,0,2,42267,111217_318_rotd2_1.mgf,1,1,tr|A0A089VIJ5|A0A089VIJ5_THAWE,,
SDLEANVEALV,16.16,1158.5768,11,5.8,580.2990,69.67,0,2,33499,111217_318_rotd2_1.mgf,1,1,,,
QKNHGINFR,16.16,1112.5839,9,-5.2,557.2963,88.22,0,2,43680,111217_318_rotd2_1.mgf,1,1,tr|A0A089VQA3|A0A089VQA3_THAWE:tr|H9BE90|H9BE90_THAWE,,
AAFPGAPGEGPEAR,16.16,1325.6364,14,2.3,442.8871,69.93,0,2,33651,111217_318_rotd2_1.mgf,1,1,,,
VDKDGIIR,16.15,914.5185,8,-10.4,458.2617,61.75,0,2,28988,111217_318_rotd2_1.mgf,1,1,tr|A0A089VKF6|A0A089VKF6_THAWE,,
IDVILNNNK,16.14,1041.5818,9,-10.0,521.7930,55.35,0,2,25664,111217_318_rotd2_1.mgf,1,1,tr|A0A089VQC7|A0A089VQC7_THAWE,,
FMIGR,16.13,622.3261,5,12.0,623.3409,82.71,0,2,40501,111217_318_rotd2_1.mgf,1,1,tr|A5J0F9|A5J0F9_THAWE:tr|A5J0E2|A5J0E2_THAWE,,
GAHSRLFR,16.11,942.5148,8,-0.3,472.2645,55.21,0,2,25591,111217_318_rotd2_1.mgf,1,1,,,
RVLALDM(+15.99)GALVAGAK,16.10,1499.8494,15,-1.5,500.9563,82.09,0,2,40240,111217_318_rotd2_1.mgf,1,1,gi|54036848,Oxidation (M),M7:Oxidation (M):1000.00
GDGIAEAWLGH,16.10,1124.5250,11,12.4,1125.5463,86.31,0,2,42580,111217_318_rotd2_1.mgf,1,1,tr|A0A089VKF6|A0A089VKF6_THAWE,,
ATSSNYIPLR,16.08,1120.5876,10,-5.3,561.2982,69.72,0,2,33530,111217_318_rotd2_1.mgf,1,1,tr|A0A089VKM6|A0A089VKM6_THAWE,,
AGDRITM(+15.99)K,16.08,906.4593,8,-11.2,907.4564,84.21,0,2,41351,111217_318_rotd2_1.mgf,1,1,tr|A0A089X9B4|A0A089X9B4_THAWE,Oxidation (M),M7:Oxidation (M):1000.00
EQDQSIETYK,16.06,1239.5619,10,-3.0,620.7864,62.95,0,2,29634,111217_318_rotd2_1.mgf,1,1,tr|A0A089VIV9|A0A089VIV9_THAWE,,
AEYAKLIGS,16.05,950.5073,9,-5.2,476.2584,67.13,0,2,32051,111217_318_rotd2_1.mgf,1,1,tr|A0A089VQA3|A0A089VQA3_THAWE:tr|H9BE90|H9BE90_THAWE,,
GWYTFGH,16.05,866.3711,7,-13.5,434.1870,59.26,0,2,27628,111217_318_rotd2_1.mgf,1,1,tr|A0A089VKF6|A0A089VKF6_THAWE,,
AC(+57.02)INENEILK,16.05,1202.5966,10,1.8,602.3066,71.71,0,2,34635,111217_318_rotd2_1.mgf,1,1,tr|A0A089VP45|A0A089VP45_THAWE,Carbamidomethylation,C2:Carbamidomethylation:1000.00
TYRSLLEGEGSSGGGGR,16.04,1681.8019,17,2.2,841.9101,52.79,0,2,24453,111217_318_rotd2_1.mgf,1,1,,,
ALVEGVDQLFT,16.04,1190.6183,11,14.4,596.3250,73.46,0,2,35577,111217_318_rotd2_1.mgf,1,1,,,
TTPIEK,16.02,687.3803,6,-9.2,688.3813,62.13,0,2,29207,111217_318_rotd2_1.mgf,1,1,,,
DVPGTGNEFVGDFR,16.01,1508.6896,14,-2.4,755.3502,65.31,0,2,31031,111217_318_rotd2_1.mgf,2,2,tr|O96712|O96712_THAWE,,
LASYLDK,16.00,808.4330,7,5.0,405.2258,68.34,0,2,32740,111217_318_rotd2_1.mgf,1,1,,,
C(+57.02)HKISASSFDK,16.00,1278.6027,11,6.4,640.3127,72.93,0,2,35292,111217_318_rotd2_1.mgf,1,1,tr|Q6V8K7|Q6V8K7_THAWE,Carbamidomethylation,C1:Carbamidomethylation:1000.00
NPQFLNK,15.99,859.4552,7,10.9,430.7396,60.72,0,2,28443,111217_318_rotd2_1.mgf,1,1,tr|A0A089VP57|A0A089VP57_THAWE,,
EAM(+15.99)VLAR,15.97,804.4164,7,6.4,805.4288,68.93,0,2,33109,111217_318_rotd2_1.mgf,1,1,tr|A0A089VQA3|A0A089VQA3_THAWE,Oxidation (M),M3:Oxidation (M):1000.00
ANEPVLSM(+15.99)R,15.96,1031.5070,9,-8.2,516.7565,75.54,0,2,36688,111217_318_rotd2_1.mgf,1,1,tr|A0A089VQD6|A0A089VQD6_THAWE,Oxidation (M),M8:Oxidation (M):1000.00
QVSDDIDHLKNR,15.96,1438.7164,12,0.0,720.3655,86.43,0,2,42677,111217_318_rotd2_1.mgf,1,1,tr|A0A089VQC7|A0A089VQC7_THAWE,,
GSGGGSSGGSIGGR,15.94,1091.4955,14,2.1,546.7562,58.45,0,2,27180,111217_318_rotd2_1.mgf,1,1,,,
M(+15.99)TIAIGQNQ,15.93,990.4804,9,8.1,496.2515,61.47,0,2,28848,111217_318_rotd2_1.mgf,1,1,tr|A0A089VKI3|A0A089VKI3_THAWE,Oxidation (M),M1:Oxidation (M):1000.00
TPPSSGEPPKSGDR,15.93,1410.6738,14,0.3,706.3444,81.34,0,2,39753,111217_318_rotd2_1.mgf,1,1,,,
WNDIM(+15.99)IDMALK,15.93,1364.6469,11,12.1,683.3389,85.40,0,2,42046,111217_318_rotd2_1.mgf,1,1,sp|Q9LKI7|TCPG_THAWE,Oxidation (M),M5:Oxidation (M):28.36
AASLAYGLDKK,15.93,1135.6237,11,-8.0,568.8146,84.34,0,2,41402,111217_318_rotd2_1.mgf,1,1,tr|A0A089VQG9|A0A089VQG9_THAWE,,
VVDLLAPYRR,15.92,1200.6979,10,0.5,401.2401,86.97,0,2,42988,111217_318_rotd2_1.mgf,1,1,tr|A0A089VQC9|A0A089VQC9_THAWE,,
DIPFRRAESK,15.92,1217.6516,10,-0.8,609.8326,88.74,0,2,44018,111217_318_rotd2_1.mgf,1,1,tr|A0A089VKF6|A0A089VKF6_THAWE,,
KDVDAAFMNKSD,15.89,1339.6078,12,-2.8,670.8093,80.18,0,2,39236,111217_318_rotd2_1.mgf,1,1,,,
DVDAAFM(+15.99)NK,15.88,1025.4487,9,-4.3,513.7294,71.79,0,2,34685,111217_318_rotd2_1.mgf,1,1,,Oxidation (M),M7:Oxidation (M):1000.00
ALIDR,15.86,586.3438,5,-7.9,587.3464,64.01,0,2,30288,111217_318_rotd2_1.mgf,1,1,tr|A0A089VQG9|A0A089VQG9_THAWE,,
MSRIGKLPIK,15.86,1141.7004,10,-13.8,571.8496,69.26,0,2,33279,111217_318_rotd2_1.mgf,1,1,tr|A0A089X999|A0A089X999_THAWE,,
EDVTAPLVDEGAPGK,15.85,1496.7358,15,-2.5,499.9180,82.79,0,2,40579,111217_318_rotd2_1.mgf,1,1,,,
NHVC(+57.02)VEKGDK,15.83,1184.5608,10,6.9,593.2917,71.72,0,2,34637,111217_318_rotd2_1.mgf,1,1,tr|Q9Y0F8|Q9Y0F8_THAWE,Carbamidomethylation,C4:Carbamidomethylation:1000.00
LDFVR,15.82,648.3595,5,-2.6,649.3651,93.77,0,2,46689,111217_318_rotd2_1.mgf,1,1,,,
NEPDGIAM(+15.99)RILDK,15.82,1486.7450,13,5.6,744.3840,67.53,0,2,32306,111217_318_rotd2_1.mgf,1,1,tr|A0A089X9B4|A0A089X9B4_THAWE,Oxidation (M),M8:Oxidation (M):1000.00
AGVEEGQTR,15.81,945.4515,9,-12.4,473.7272,73.92,0,2,35841,111217_318_rotd2_1.mgf,1,1,tr|I6TFL8|I6TFL8_THAWE,,
GLLFNQTGSC(+57.02)K,15.80,1223.5968,11,-4.3,408.8711,53.55,0,2,24788,111217_318_rotd2_1.mgf,1,1,,Carbamidomethylation,C10:Carbamidomethylation:1000.00
DAVETSFAK,15.78,966.4658,9,9.0,484.2445,63.42,0,2,29946,111217_318_rotd2_1.mgf,1,1,tr|A0A089VNZ5|A0A089VNZ5_THAWE,,
DISLSDYK,15.78,939.4549,8,-7.7,470.7311,52.04,0,2,24014,111217_318_rotd2_1.mgf,1,1,,,
ENFILK,15.77,762.4276,6,13.7,382.2263,70.88,0,2,34170,111217_318_rotd2_1.mgf,1,1,,,
TTVTLPHGVGK,15.75,1108.6240,11,2.5,555.3207,73.36,0,2,35512,111217_318_rotd2_1.mgf,1,1,,,
GLHSYGWLS,15.75,1018.4872,9,10.3,510.2561,54.95,0,2,25480,111217_318_rotd2_1.mgf,1,1,,,
EVPLDVAPQGK,15.74,1151.6187,11,11.6,576.8233,81.40,0,2,39803,111217_318_rotd2_1.mgf,1,1,,,
DTHKSEIAHR,15.72,1192.5948,10,0.1,597.3047,79.99,0,2,39111,111217_318_rotd2_1.mgf,1,1,,,
QGLLALEMASQ,15.72,1159.5907,11,8.4,580.8075,73.32,0,2,35495,111217_318_rotd2_1.mgf,1,1,tr|A0A089VKH2|A0A089VKH2_THAWE,,
PIASFIFAGPTGVGK,15.67,1460.8027,15,-10.3,487.9365,83.34,0,2,40859,111217_318_rotd2_1.mgf,1,1,tr|A0A089X9B4|A0A089X9B4_THAWE,,
QMIDVAETISPC(+57.02)ILWIDEIDK,15.66,2488.2229,21,2.8,623.0648,66.56,0,2,31758,111217_318_rotd2_1.mgf,1,1,tr|A0A089VKP0|A0A089VKP0_THAWE,Carbamidomethylation,C12:Carbamidomethylation:1000.00
RIYWVDLER,15.65,1248.6615,9,0.2,625.3381,86.96,0,2,42977,111217_318_rotd2_1.mgf,1,1,,,
NISRILK,15.64,842.5338,7,-13.8,422.2683,63.36,0,2,29914,111217_318_rotd2_1.mgf,1,1,tr|A0A089VKP0|A0A089VKP0_THAWE,,
QTLTER,15.63,746.3923,6,-14.0,374.1982,52.13,0,2,24034,111217_318_rotd2_1.mgf,1,1,tr|A0A089VIN8|A0A089VIN8_THAWE,,
AAVEEGIVPGGGAT,15.62,1226.6143,14,0.8,614.3149,87.07,0,2,43055,111217_318_rotd2_1.mgf,1,1,tr|A0A089VKL3|A0A089VKL3_THAWE,,
VTAPLVDEGA,15.61,970.4971,10,12.6,486.2619,88.81,0,2,44056,111217_318_rotd2_1.mgf,1,1,,,
EKLDLQYK,15.57,1035.5601,8,1.9,518.7883,80.04,0,2,39154,111217_318_rotd2_1.mgf,1,1,tr|A0A089VIN8|A0A089VIN8_THAWE,,
RMMESER,15.56,937.4109,7,-8.7,938.4101,61.04,0,2,28627,111217_318_rotd2_1.mgf,1,1,gi|54036848,,
NPFKAGDRITM(+15.99)K,15.55,1392.7184,12,8.9,465.2509,79.87,0,2,39010,111217_318_rotd2_1.mgf,1,1,tr|A0A089X9B4|A0A089X9B4_THAWE,Oxidation (M),M11:Oxidation (M):1000.00
LLEGEESR,15.55,931.4611,8,14.5,466.7445,50.26,0,2,23387,111217_318_rotd2_1.mgf,1,1,,,
GAEIVYK,15.53,778.4225,7,-1.9,390.2178,62.87,0,2,29596,111217_318_rotd2_1.mgf,1,1,,,
DVDESSPQDSPPSK,15.53,1486.6423,14,-3.4,744.3259,89.94,0,2,44710,111217_318_rotd2_1.mgf,1,1,,,
LGLSGK,15.51,573.3486,6,-2.5,574.3544,53.00,0,2,24516,111217_318_rotd2_1.mgf,1,1,tr|A0A089VQA3|A0A089VQA3_THAWE:tr|H9BE90|H9BE90_THAWE,,
VLGAFSDG,15.49,764.3704,8,7.2,765.3832,73.48,0,2,35587,111217_318_rotd2_1.mgf,1,1,,,
GIVGESESR,15.48,932.4563,9,8.9,467.2396,67.31,0,2,32175,111217_318_rotd2_1.mgf,1,1,tr|A0A089VKP0|A0A089VKP0_THAWE,,
GDSGTSNR,15.48,792.3362,8,-5.3,793.3392,58.35,0,2,27117,111217_318_rotd2_1.mgf,1,1,tr|A0A089VKP0|A0A089VKP0_THAWE,,
ELNYG,15.47,594.2649,5,2.8,595.2738,52.55,0,2,24273,111217_318_rotd2_1.mgf,1,1,,,
ILEDMR,15.46,775.3898,6,11.5,776.4060,68.91,0,2,33101,111217_318_rotd2_1.mgf,1,1,,,
VLGATTADEYM(+15.99)QH,15.45,1450.6399,13,9.5,726.3341,81.41,0,2,39808,111217_318_rotd2_1.mgf,1,1,tr|A0A089X9B4|A0A089X9B4_THAWE,Oxidation (M),M11:Oxidation (M):1000.00
IEQISSYK,15.43,966.5022,8,0.0,484.2584,67.44,0,2,32257,111217_318_rotd2_1.mgf,1,1,,,
SLHTLFGDELC(+57.02)K,15.42,1418.6864,12,5.7,710.3545,79.50,0,2,38818,111217_318_rotd2_1.mgf,1,1,,Carbamidomethylation,C11:Carbamidomethylation:1000.00
EDAIWNLLR,15.42,1128.5928,9,-3.3,565.3018,83.52,0,2,40992,111217_318_rotd2_1.mgf,1,1,,,
LENEIATYR,15.41,1107.5560,9,-1.1,554.7847,64.33,0,2,30452,111217_318_rotd2_1.mgf,1,1,,,
GGLFR,15.39,548.3071,5,-11.2,549.3082,68.92,0,2,33102,111217_318_rotd2_1.mgf,1,1,tr|A0A089VKF6|A0A089VKF6_THAWE,,
VC(+57.02)PEGNGHR,15.38,1024.4508,9,-6.1,513.2296,58.51,0,2,27228,111217_318_rotd2_1.mgf,1,1,,Carbamidomethylation,C2:Carbamidomethylation:1000.00
LALLSVTTGGTAEMYTK,15.38,1754.9125,17,12.3,439.7408,84.54,0,2,41567,111217_318_rotd2_1.mgf,1,1,,,
EINHELK,15.38,881.4606,7,9.1,882.4760,79.85,0,2,38985,111217_318_rotd2_1.mgf,1,1,tr|A0A089VKP0|A0A089VKP0_THAWE,,
AISALR,15.37,629.3860,6,-11.9,630.3858,76.23,0,2,37102,111217_318_rotd2_1.mgf,1,1,tr|A0A089VQA3|A0A089VQA3_THAWE:tr|H9BE90|H9BE90_THAWE,,
GDGIAEAWLGHPI,15.36,1334.6619,13,6.9,668.3428,71.86,0,2,34718,111217_318_rotd2_1.mgf,1,1,tr|A0A089VKF6|A0A089VKF6_THAWE,,
EM(+15.99)VSIYK,15.35,884.4313,7,4.9,443.2251,73.24,0,2,35442,111217_318_rotd2_1.mgf,1,1,tr|A0A089VP57|A0A089VP57_THAWE,Oxidation (M),M2:Oxidation (M):1000.00
AMYLGGIYDT,15.33,1102.5005,10,9.1,552.2625,54.81,0,2,25408,111217_318_rotd2_1.mgf,1,1,tr|A0A089VQD6|A0A089VQD6_THAWE,,
DPRTGEPALDLPK,15.32,1407.7357,13,-3.0,704.8730,91.95,0,2,45760,111217_318_rotd2_1.mgf,1,1,tr|A0A089VKF6|A0A089VKF6_THAWE,,
MSQSVSER,15.32,922.4178,8,0.0,462.2162,58.45,0,2,27185,111217_318_rotd2_1.mgf,1,1,tr|A0A089VQA3|A0A089VQA3_THAWE,,
LAADDFRAK,15.31,1005.5243,9,-14.2,503.7623,52.31,0,2,24106,111217_318_rotd2_1.mgf,1,1,,,
VVSEKWGGGK,15.30,1045.5557,10,-13.5,523.7781,80.03,0,2,39141,111217_318_rotd2_1.mgf,1,1,tr|A0A089X8Z4|A0A089X8Z4_THAWE,,
SAGWNIPIGLLYC(+57.02)DLPEPR,15.29,2170.0881,19,-11.6,724.3616,84.41,0,2,41460,111217_318_rotd2_1.mgf,1,1,,Carbamidomethylation,C13:Carbamidomethylation:1000.00
RNQSQAR,15.29,858.4420,7,0.5,859.4497,74.68,0,2,36206,111217_318_rotd2_1.mgf,1,1,tr|A0A089VQC7|A0A089VQC7_THAWE,,
IIYC(+57.02)YK,15.29,858.4310,6,-5.5,430.2204,50.26,0,2,23389,111217_318_rotd2_1.mgf,1,1,tr|A0A089VIV9|A0A089VIV9_THAWE,Carbamidomethylation,C4:Carbamidomethylation:1000.00
VIC(+57.02)KWM(+15.99)R,15.28,1007.5045,7,9.1,504.7641,85.34,0,2,41994,111217_318_rotd2_1.mgf,1,1,tr|A0A089VQA3|A0A089VQA3_THAWE:tr|H9BE90|H9BE90_THAWE,Carbamidomethylation; Oxidation (M),C3:Carbamidomethylation:1000.00;M6:Oxidation (M):1000.00
DIPMNPMC(+57.02)IYR,15.27,1408.6301,11,0.7,705.3228,80.76,0,2,39479,111217_318_rotd2_1.mgf,1,1,,Carbamidomethylation,C8:Carbamidomethylation:1000.00
LKNWASSGR,15.26,1017.5355,9,9.5,509.7799,52.53,0,2,24261,111217_318_rotd2_1.mgf,1,1,tr|A0A089VKP0|A0A089VKP0_THAWE,,
LC(+57.02)VLHEKTP,15.26,1095.5747,9,3.7,548.7966,52.32,0,2,24113,111217_318_rotd2_1.mgf,1,1,,Carbamidomethylation,C2:Carbamidomethylation:1000.00
SLVQSC(+57.02)IGAKFSS,15.26,1382.6864,13,-0.6,461.9025,61.88,0,2,29055,111217_318_rotd2_1.mgf,1,1,sp|Q9LKI7|TCPG_THAWE,Carbamidomethylation,C6:Carbamidomethylation:1000.00
QAAAQPHTEI,15.25,1064.5250,10,-9.4,533.2648,68.64,0,2,32910,111217_318_rotd2_1.mgf,1,1,,,
ADLETNAEALVQ,15.25,1272.6198,12,13.2,637.3256,84.99,0,2,41869,111217_318_rotd2_1.mgf,1,1,,,
TPVSDRVTK,15.23,1001.5505,9,-7.7,501.7787,66.55,0,2,31746,111217_318_rotd2_1.mgf,1,1,,,
ALLETSEK,15.21,889.4756,8,9.0,445.7491,51.95,0,2,23980,111217_318_rotd2_1.mgf,1,1,,,
FQLPMESEINHELK,15.21,1713.8396,14,11.6,572.2938,67.18,0,2,32091,111217_318_rotd2_1.mgf,1,1,tr|A0A089VKP0|A0A089VKP0_THAWE,,
NTLNGHEK,15.20,911.4461,8,-2.9,456.7290,68.28,0,2,32704,111217_318_rotd2_1.mgf,1,1,,,
VILEIDNAR,15.19,1041.5818,9,-7.1,521.7945,57.42,0,2,26612,111217_318_rotd2_1.mgf,1,1,,,
TPPKSPSSAK,15.17,998.5396,10,-5.6,500.2743,49.58,0,2,23248,111217_318_rotd2_1.mgf,1,1,,,
EDAINATR,15.17,888.4301,8,3.1,889.4401,73.38,0,2,35525,111217_318_rotd2_1.mgf,1,1,tr|A0A089VKL3|A0A089VKL3_THAWE,,
ADIINR,15.16,700.3868,6,0.9,701.3947,84.93,0,2,41836,111217_318_rotd2_1.mgf,1,1,tr|A0A089VPE6|A0A089VPE6_THAWE,,
HFAIAFTNK,15.15,1047.5502,9,-8.5,524.7779,76.58,0,2,37291,111217_318_rotd2_1.mgf,1,1,tr|A0A089VIN8|A0A089VIN8_THAWE,,
QVIYSIK,15.15,849.4960,7,0.2,425.7553,70.84,0,2,34147,111217_318_rotd2_1.mgf,1,1,tr|A0A089VKD8|A0A089VKD8_THAWE,,
SPGVYFEKNK,15.14,1167.5924,10,-14.1,584.7952,69.56,0,2,33445,111217_318_rotd2_1.mgf,1,1,tr|A0A089VQC7|A0A089VQC7_THAWE,,
DGIIAEIK,15.13,857.4858,8,2.0,429.7510,82.42,0,2,40347,111217_318_rotd2_1.mgf,1,1,,,
RAAEYM,15.11,739.3323,6,9.3,740.3464,60.19,0,2,28188,111217_318_rotd2_1.mgf,1,1,tr|A0A089VQD6|A0A089VQD6_THAWE,,
M(+15.99)AISSTERRSK,15.10,1280.6506,11,2.5,641.3342,85.41,0,2,42052,111217_318_rotd2_1.mgf,1,1,tr|A0A089VNZ5|A0A089VNZ5_THAWE,Oxidation (M),M1:Oxidation (M):1000.00
VC(+57.02)GTIDIEK,15.06,1033.5114,9,-3.9,517.7609,53.21,0,2,24599,111217_318_rotd2_1.mgf,1,1,tr|A0A089VKH6|A0A089VKH6_THAWE,Carbamidomethylation,C2:Carbamidomethylation:1000.00
QEKNMAINPSK,15.05,1258.6339,11,-3.2,630.3222,75.45,0,2,36651,111217_318_rotd2_1.mgf,1,1,,,
FTAPAVNA,15.04,789.4021,8,6.8,395.7110,62.69,0,2,29493,111217_318_rotd2_1.mgf,1,1,tr|A0A089VPE6|A0A089VPE6_THAWE,,
NPFHMMGVAGI,15.03,1172.5471,11,-7.9,391.8532,63.39,0,2,29924,111217_318_rotd2_1.mgf,1,1,tr|A0A089VKI3|A0A089VKI3_THAWE,,
PSFIHSQK,15.03,942.4923,8,-12.3,472.2477,54.55,0,2,25273,111217_318_rotd2_1.mgf,1,1,,,
AIAENRADAVTL,15.01,1242.6567,12,2.2,622.3370,50.95,0,2,23597,111217_318_rotd2_1.mgf,1,1,,,
LC(+57.02)EGVGSVNVC(+57.02)VSSR,15.00,1621.7552,15,-11.3,541.5862,60.92,0,2,28558,111217_318_rotd2_1.mgf,1,1,,Carbamidomethylation,C2:Carbamidomethylation:1000.00;C11:Carbamidomethylation:1000.00
